driving_experience,type_of_vehicle,lanes_or_medians,road_allignment,types_of_junction,road_surface_conditions,light_conditions,weather_conditions,number_of_vehicles_involved,vehicle_movement,pedestrian_movement,accident_severity
1-2yr,Lorry (41?100Q),Undivided Two way,Gentle horizontal curve,No junction,Wet or damp,Darkness - lights lit,Raining,2.0,Going straight,Not a Pedestrian,Slight Injury
5-10yr,,Two-way (divided with broken lines road marking),Tangent road with flat terrain,No junction,Dry,Daylight,Normal,2.0,Other,Not a Pedestrian,Serious Injury
Above 10yr,Lorry (41?100Q),Undivided Two way,Tangent road with flat terrain,No junction,Dry,Darkness - lights lit,Normal,4.0,Going straight,Not a Pedestrian,Slight Injury
No Licence,Public (13?45 seats),Two-way (divided with broken lines road marking),Tangent road with flat terrain,Y Shape,Wet or damp,Daylight,Raining,,Reversing,Not a Pedestrian,Slight Injury
Below 1yr,Other,other,Tangent road with flat terrain,Y Shape,Dry,Daylight,Normal,1.0,Going straight,Not a Pedestrian,Serious Injury
2-5yr,Taxi,Undivided Two way,Tangent road with flat terrain,Other,Dry,Daylight,Normal,2.0,Going straight,Not a Pedestrian,Slight Injury
5-10yr,Pick up upto 10Q,Two-way (divided with broken lines road marking),Tangent road with mild grade and flat terrain,Y Shape,Dry,Darkness - lights lit,Normal,,Going straight,Not a Pedestrian,Slight Injury
Above 10yr,Lorry (41?100Q),Two-way (divided with broken lines road marking),Tangent road with flat terrain,No junction,Dry,Darkness - lights lit,Normal,3.0,Going straight,Not a Pedestrian,Serious Injury
2-5yr,Automobile,other,Tangent road with flat terrain,O Shape,Dry,Daylight,Normal,3.0,Getting off,Not a Pedestrian,Slight Injury
5-10yr,,Double carriageway (median),Tangent road with flat terrain,Y Shape,Dry,Daylight,Normal,2.0,Other,Not a Pedestrian,Slight Injury
1-2yr,Lorry (11?40Q),Undivided Two way,Tangent road with flat terrain,Y Shape,Dry,Daylight,Normal,,Going straight,Not a Pedestrian,Slight Injury
Below 1yr,Stationwagen,Double carriageway (median),Tangent road with flat terrain,Other,Dry,Daylight,Normal,2.0,Going straight,Not a Pedestrian,Slight Injury
,Lorry (41?100Q),Undivided Two way,Tangent road with flat terrain,,Dry,Daylight,Normal,2.0,Moving Backward,Not a Pedestrian,Slight Injury
,Automobile,Two-way (divided with broken lines road marking),Tangent road with flat terrain,Y Shape,Dry,Darkness - no lighting,Unknown,2.0,Going straight,Not a Pedestrian,Serious Injury
Below 1yr,Other,Undivided Two way,Tangent road with flat terrain,Other,Dry,Daylight,Normal,,Other,Not a Pedestrian,Slight Injury
2-5yr,Automobile,Double carriageway (median),Tangent road with flat terrain,No junction,Dry,Daylight,Normal,2.0,Going straight,Not a Pedestrian,Slight Injury
Below 1yr,Automobile,One way,Tangent road with flat terrain,No junction,Wet or damp,Daylight,Raining,2.0,Moving Backward,Not a Pedestrian,Slight Injury
2-5yr,Automobile,other,Steep grade downward with mountainous terrain,,Dry,Darkness - lights lit,Normal,2.0,,Not a Pedestrian,Slight Injury
Below 1yr,Pick up upto 10Q,Two-way (divided with broken lines road marking),Tangent road with flat terrain,Crossing,Dry,Daylight,Normal,2.0,,Not a Pedestrian,Slight Injury
1-2yr,,Double carriageway (median),Tangent road with flat terrain,Y Shape,Dry,Darkness - lights lit,Normal,2.0,Turnover,Not a Pedestrian,Slight Injury
2-5yr,Stationwagen,Two-way (divided with broken lines road marking),Tangent road with mild grade and flat terrain,No junction,Dry,Daylight,Normal,2.0,Going straight,Not a Pedestrian,Slight Injury
Below 1yr,Long lorry,One way,Tangent road with flat terrain,Y Shape,Dry,Daylight,Normal,2.0,Going straight,Not a Pedestrian,Serious Injury
,Lorry (41?100Q),Two-way (divided with broken lines road marking),Tangent road with flat terrain,Y Shape,Wet or damp,Daylight,Normal,3.0,Going straight,Not a Pedestrian,Slight Injury
No Licence,Pick up upto 10Q,One way,Tangent road with flat terrain,No junction,Dry,Daylight,Normal,2.0,Going straight,Not a Pedestrian,Slight Injury
2-5yr,Other,Undivided Two way,Tangent road with flat terrain,Y Shape,Wet or damp,Daylight,Normal,2.0,Going straight,Not a Pedestrian,Slight Injury
1-2yr,Lorry (41?100Q),Two-way (divided with broken lines road marking),Tangent road with flat terrain,Y Shape,Dry,Daylight,Normal,2.0,Going straight,Not a Pedestrian,Slight Injury
Below 1yr,Lorry (41?100Q),other,Tangent road with flat terrain,Crossing,Dry,Daylight,Normal,2.0,Going straight,Not a Pedestrian,Serious Injury
5-10yr,Pick up upto 10Q,Double carriageway (median),Tangent road with flat terrain,Crossing,Dry,Daylight,Normal,,Going straight,Not a Pedestrian,Slight Injury
5-10yr,Lorry (41?100Q),Two-way (divided with broken lines road marking),Tangent road with flat terrain,Y Shape,Snow,Daylight,Snow,3.0,Going straight,Not a Pedestrian,Slight Injury
5-10yr,,Undivided Two way,Sharp reverse curve,Y Shape,Dry,Daylight,Normal,2.0,Overtaking,Not a Pedestrian,Slight Injury
Below 1yr,Lorry (41?100Q),other,Tangent road with flat terrain,Crossing,Dry,Daylight,Normal,,Going straight,Not a Pedestrian,Serious Injury
5-10yr,Public (12 seats),Double carriageway (median),Tangent road with flat terrain,Y Shape,Dry,Darkness - no lighting,Normal,2.0,Going straight,Unknown or other,Slight Injury
2-5yr,Automobile,Undivided Two way,Tangent road with flat terrain,T Shape,Dry,Daylight,Normal,2.0,Moving Backward,Not a Pedestrian,Slight Injury
5-10yr,Automobile,One way,Tangent road with flat terrain,,Dry,Daylight,Normal,2.0,Going straight,Not a Pedestrian,Serious Injury
Above 10yr,Public (12 seats),,Tangent road with flat terrain,Y Shape,Dry,Daylight,Normal,1.0,Moving Backward,Not a Pedestrian,Slight Injury
5-10yr,,Undivided Two way,Tangent road with flat terrain,Y Shape,Dry,Daylight,Normal,2.0,Going straight,Not a Pedestrian,Slight Injury
1-2yr,,One way,Tangent road with flat terrain,Y Shape,Dry,Daylight,Normal,2.0,Going straight,Not a Pedestrian,Slight Injury
Above 10yr,Automobile,other,Tangent road with flat terrain,Y Shape,Dry,Daylight,Normal,3.0,Going straight,Not a Pedestrian,Slight Injury
1-2yr,Public (13?45 seats),other,Tangent road with flat terrain,Crossing,Dry,Daylight,Normal,,Going straight,Not a Pedestrian,Slight Injury
5-10yr,Lorry (41?100Q),other,Tangent road with flat terrain,Crossing,Dry,Daylight,Normal,4.0,Getting off,Not a Pedestrian,Slight Injury
Below 1yr,Long lorry,Two-way (divided with broken lines road marking),Tangent road with flat terrain,No junction,Dry,Daylight,Normal,2.0,Stopping,Not a Pedestrian,Serious Injury
2-5yr,Automobile,Undivided Two way,Tangent road with flat terrain,Y Shape,Wet or damp,Darkness - lights lit,Raining,2.0,Going straight,Not a Pedestrian,Slight Injury
5-10yr,Automobile,Two-way (divided with broken lines road marking),Tangent road with flat terrain,,Dry,Daylight,Normal,2.0,Going straight,Not a Pedestrian,Serious Injury
1-2yr,Motorcycle,Undivided Two way,Tangent road with flat terrain,Y Shape,Dry,Daylight,Normal,,Going straight,Crossing from offside - masked by parked or statioNot a Pedestrianry vehicle,Slight Injury
Below 1yr,Stationwagen,One way,Tangent road with flat terrain,Y Shape,Dry,Daylight,Normal,1.0,Going straight,Not a Pedestrian,Slight Injury
Below 1yr,Lorry (41?100Q),Undivided Two way,Tangent road with flat terrain,Y Shape,Dry,Daylight,Normal,2.0,Going straight,Not a Pedestrian,Slight Injury
Above 10yr,Lorry (41?100Q),Two-way (divided with broken lines road marking),Tangent road with flat terrain,No junction,Dry,Daylight,Normal,,Other,Not a Pedestrian,Slight Injury
,Stationwagen,One way,Tangent road with flat terrain,Y Shape,Wet or damp,Darkness - lights lit,Raining,2.0,Going straight,Crossing from driver's nearside,Serious Injury
Above 10yr,Public (12 seats),Double carriageway (median),Tangent road with flat terrain,Crossing,Dry,Darkness - lights lit,Normal,2.0,Going straight,Not a Pedestrian,Slight Injury
Above 10yr,Public (13?45 seats),Undivided Two way,Tangent road with flat terrain,Y Shape,Dry,Darkness - lights lit,Normal,2.0,Going straight,Not a Pedestrian,Slight Injury
2-5yr,Automobile,Two-way (divided with broken lines road marking),Tangent road with flat terrain,Y Shape,Dry,Daylight,Normal,2.0,Going straight,Not a Pedestrian,Slight Injury
Above 10yr,Public (12 seats),Double carriageway (median),Tangent road with flat terrain,Y Shape,Dry,Daylight,Normal,3.0,Going straight,Not a Pedestrian,Slight Injury
5-10yr,Bajaj,Two-way (divided with broken lines road marking),Tangent road with flat terrain,Crossing,Dry,Daylight,Normal,1.0,Moving Backward,Not a Pedestrian,Slight Injury
1-2yr,Lorry (41?100Q),other,Tangent road with flat terrain,Y Shape,Wet or damp,Daylight,Normal,3.0,Going straight,Not a Pedestrian,Slight Injury
5-10yr,Public (13?45 seats),Undivided Two way,Tangent road with flat terrain,Y Shape,Dry,Daylight,Normal,3.0,Going straight,Not a Pedestrian,Slight Injury
Above 10yr,Stationwagen,One way,Steep grade downward with mountainous terrain,No junction,Dry,Darkness - lights lit,Normal,2.0,Going straight,Not a Pedestrian,Slight Injury
5-10yr,Pick up upto 10Q,Two-way (divided with broken lines road marking),Tangent road with flat terrain,No junction,Dry,Darkness - lights lit,Normal,2.0,Going straight,Not a Pedestrian,Slight Injury
,Pick up upto 10Q,Two-way (divided with broken lines road marking),Tangent road with flat terrain,Crossing,Dry,Darkness - lights lit,Normal,2.0,Going straight,Not a Pedestrian,Fatal injury
Above 10yr,Automobile,Undivided Two way,Tangent road with flat terrain,Y Shape,Dry,Daylight,Normal,2.0,Going straight,Not a Pedestrian,Slight Injury
2-5yr,Lorry (41?100Q),Undivided Two way,Tangent road with flat terrain,Y Shape,Wet or damp,Darkness - lights lit,Raining,2.0,Going straight,Not a Pedestrian,Slight Injury
2-5yr,Other,Double carriageway (median),Tangent road with flat terrain,Crossing,Dry,Darkness - lights lit,Normal,,Going straight,Not a Pedestrian,Slight Injury
Below 1yr,Automobile,Undivided Two way,Tangent road with flat terrain,Y Shape,Dry,Daylight,Normal,,Going straight,Not a Pedestrian,Slight Injury
Below 1yr,Stationwagen,other,Tangent road with flat terrain,Y Shape,Dry,Daylight,Normal,,Going straight,Not a Pedestrian,Slight Injury
2-5yr,Public (13?45 seats),Two-way (divided with broken lines road marking),Tangent road with flat terrain,Y Shape,Dry,Daylight,Normal,2.0,Going straight,Not a Pedestrian,Fatal injury
Above 10yr,Automobile,Two-way (divided with broken lines road marking),Tangent road with flat terrain,Crossing,Wet or damp,Daylight,Other,2.0,Going straight,Not a Pedestrian,Slight Injury
1-2yr,Automobile,Undivided Two way,Tangent road with flat terrain,Other,Dry,Daylight,Normal,2.0,Going straight,Not a Pedestrian,Slight Injury
Below 1yr,Taxi,Two-way (divided with broken lines road marking),Tangent road with flat terrain,Crossing,Dry,Darkness - lights lit,Normal,2.0,Going straight,Not a Pedestrian,Slight Injury
,Taxi,Undivided Two way,Tangent road with mild grade and flat terrain,Other,Dry,Daylight,Normal,2.0,Going straight,Not a Pedestrian,Serious Injury
Below 1yr,Pick up upto 10Q,Double carriageway (median),Tangent road with flat terrain,Y Shape,Dry,Darkness - lights lit,Normal,2.0,Going straight,Not a Pedestrian,Slight Injury
5-10yr,Public (> 45 seats),Undivided Two way,Gentle horizontal curve,Y Shape,Dry,Daylight,Normal,,Getting off,Not a Pedestrian,Slight Injury
5-10yr,Pick up upto 10Q,Undivided Two way,Tangent road with flat terrain,Y Shape,Dry,Daylight,Normal,2.0,Moving Backward,Not a Pedestrian,Serious Injury
1-2yr,Other,,Tangent road with flat terrain,Y Shape,Wet or damp,Daylight,Normal,2.0,Going straight,Not a Pedestrian,Slight Injury
5-10yr,Automobile,other,Steep grade downward with mountainous terrain,Y Shape,Dry,Darkness - lights lit,Normal,,Entering a junction,Not a Pedestrian,Slight Injury
Below 1yr,Automobile,other,Tangent road with flat terrain,Y Shape,Dry,Darkness - lights lit,Normal,1.0,Going straight,Not a Pedestrian,Slight Injury
2-5yr,Automobile,One way,Tangent road with flat terrain,Crossing,Dry,Daylight,Normal,2.0,Going straight,Not a Pedestrian,Slight Injury
5-10yr,Long lorry,One way,Tangent road with flat terrain,No junction,Dry,Daylight,Normal,2.0,Going straight,Not a Pedestrian,Slight Injury
Below 1yr,Public (12 seats),other,Tangent road with flat terrain,Y Shape,Wet or damp,Daylight,Raining,,Moving Backward,Not a Pedestrian,Slight Injury
1-2yr,Other,Two-way (divided with solid lines road marking),Tangent road with flat terrain,Y Shape,Dry,Darkness - lights lit,Normal,3.0,Entering a junction,Not a Pedestrian,Serious Injury
5-10yr,Public (12 seats),Undivided Two way,Tangent road with mountainous terrain and,No junction,Dry,Daylight,Normal,1.0,Going straight,Not a Pedestrian,Slight Injury
1-2yr,,Double carriageway (median),Tangent road with flat terrain,No junction,Dry,Darkness - lights lit,Normal,4.0,Going straight,Not a Pedestrian,Slight Injury
Above 10yr,Automobile,Undivided Two way,Tangent road with flat terrain,Y Shape,Dry,Daylight,Cloudy,1.0,Going straight,Not a Pedestrian,Slight Injury
2-5yr,Other,other,Tangent road with flat terrain,Y Shape,Dry,Daylight,Normal,3.0,Going straight,Not a Pedestrian,Slight Injury
2-5yr,Lorry (41?100Q),Double carriageway (median),Tangent road with flat terrain,Y Shape,Dry,Daylight,Normal,2.0,Going straight,Not a Pedestrian,Slight Injury
2-5yr,Automobile,Double carriageway (median),Tangent road with flat terrain,Y Shape,Wet or damp,Daylight,Raining,2.0,Going straight,Not a Pedestrian,Slight Injury
1-2yr,Other,Undivided Two way,Tangent road with flat terrain,Y Shape,Wet or damp,Darkness - lights lit,Normal,3.0,Going straight,Not a Pedestrian,Slight Injury
Above 10yr,Automobile,Two-way (divided with broken lines road marking),Tangent road with flat terrain,Y Shape,Dry,Daylight,Normal,2.0,Going straight,Not a Pedestrian,Serious Injury
1-2yr,Automobile,Undivided Two way,Tangent road with flat terrain,No junction,Dry,Daylight,Normal,2.0,Going straight,Not a Pedestrian,Slight Injury
2-5yr,Lorry (41?100Q),other,Tangent road with flat terrain,No junction,Wet or damp,Daylight,Raining,,Turnover,Not a Pedestrian,Serious Injury
Below 1yr,Automobile,other,Tangent road with flat terrain,Other,Dry,Daylight,Normal,3.0,Going straight,Not a Pedestrian,Slight Injury
Above 10yr,Automobile,Double carriageway (median),Tangent road with flat terrain,Y Shape,Dry,Daylight,Normal,3.0,Moving Backward,Not a Pedestrian,Slight Injury
Above 10yr,Long lorry,Double carriageway (median),Tangent road with flat terrain,Crossing,Dry,Daylight,Normal,2.0,Other,Not a Pedestrian,Slight Injury
2-5yr,Lorry (41?100Q),Undivided Two way,Tangent road with flat terrain,Y Shape,Dry,Darkness - no lighting,Cloudy,2.0,,Not a Pedestrian,Slight Injury
Above 10yr,Lorry (41?100Q),Undivided Two way,Tangent road with flat terrain,Y Shape,Wet or damp,Daylight,Raining,2.0,Going straight,Not a Pedestrian,Slight Injury
2-5yr,Public (12 seats),Two-way (divided with broken lines road marking),Tangent road with flat terrain,No junction,Wet or damp,Darkness - lights lit,Normal,2.0,Going straight,Not a Pedestrian,Slight Injury
1-2yr,Lorry (41?100Q),Two-way (divided with broken lines road marking),Tangent road with flat terrain,No junction,Dry,Daylight,Normal,3.0,,Not a Pedestrian,Slight Injury
1-2yr,Lorry (11?40Q),Two-way (divided with broken lines road marking),Tangent road with flat terrain,Y Shape,Dry,Darkness - lights lit,Unknown,2.0,Other,Not a Pedestrian,Slight Injury
Above 10yr,Lorry (41?100Q),Two-way (divided with broken lines road marking),Tangent road with flat terrain,Y Shape,Dry,Darkness - lights lit,Normal,2.0,Going straight,Not a Pedestrian,Slight Injury
Above 10yr,Automobile,Two-way (divided with broken lines road marking),Tangent road with mild grade and flat terrain,Y Shape,Dry,Daylight,Normal,3.0,Going straight,Not a Pedestrian,Slight Injury
5-10yr,Other,other,Tangent road with flat terrain,No junction,Dry,Daylight,Normal,3.0,Entering a junction,Not a Pedestrian,Fatal injury
Below 1yr,Automobile,One way,,Crossing,Dry,Daylight,Normal,6.0,Going straight,Not a Pedestrian,Slight Injury
5-10yr,Stationwagen,Two-way (divided with broken lines road marking),Tangent road with flat terrain,Y Shape,Wet or damp,Darkness - lights lit,Other,2.0,Going straight,Not a Pedestrian,Slight Injury
Above 10yr,Lorry (41?100Q),Undivided Two way,Tangent road with flat terrain,Y Shape,Wet or damp,Darkness - lights lit,Normal,4.0,,Not a Pedestrian,Slight Injury
Below 1yr,Pick up upto 10Q,Two-way (divided with broken lines road marking),Tangent road with flat terrain,Y Shape,Wet or damp,Darkness - lights lit,Normal,2.0,Going straight,Not a Pedestrian,Slight Injury
Below 1yr,Automobile,other,Tangent road with flat terrain,O Shape,Wet or damp,Darkness - lights lit,Raining,2.0,Going straight,Not a Pedestrian,Serious Injury
1-2yr,Public (13?45 seats),Two-way (divided with broken lines road marking),Tangent road with flat terrain,Y Shape,Dry,Daylight,Normal,3.0,Moving Backward,Not a Pedestrian,Slight Injury
5-10yr,Lorry (41?100Q),Undivided Two way,Tangent road with flat terrain,Y Shape,Wet or damp,Darkness - lights lit,Normal,2.0,Going straight,Not a Pedestrian,Slight Injury
5-10yr,Taxi,Two-way (divided with solid lines road marking),Tangent road with flat terrain,No junction,Wet or damp,Darkness - lights lit,Other,2.0,Going straight,Not a Pedestrian,Slight Injury
Below 1yr,Lorry (41?100Q),One way,Tangent road with flat terrain,Crossing,Dry,Daylight,Normal,2.0,Going straight,Not a Pedestrian,Fatal injury
2-5yr,Public (12 seats),Two-way (divided with broken lines road marking),Tangent road with flat terrain,No junction,Dry,Daylight,Normal,,Going straight,Not a Pedestrian,Serious Injury
2-5yr,Public (13?45 seats),Two-way (divided with broken lines road marking),Tangent road with flat terrain,Y Shape,Wet or damp,Daylight,Normal,3.0,Other,Not a Pedestrian,Slight Injury
Above 10yr,Pick up upto 10Q,Two-way (divided with broken lines road marking),Tangent road with flat terrain,Y Shape,Dry,Daylight,Normal,3.0,Going straight,Not a Pedestrian,Slight Injury
Above 10yr,Other,Undivided Two way,Tangent road with flat terrain,,Dry,Darkness - lights lit,Normal,2.0,Going straight,Not a Pedestrian,Slight Injury
1-2yr,Lorry (41?100Q),Two-way (divided with broken lines road marking),Tangent road with flat terrain,Y Shape,Wet or damp,Daylight,Raining,2.0,Going straight,Not a Pedestrian,Slight Injury
Above 10yr,Public (12 seats),Double carriageway (median),Tangent road with flat terrain,Y Shape,Dry,Daylight,Normal,1.0,Going straight,Not a Pedestrian,Slight Injury
5-10yr,Motorcycle,Undivided Two way,Tangent road with flat terrain,Y Shape,Dry,Daylight,Normal,2.0,Entering a junction,Not a Pedestrian,Slight Injury
Below 1yr,Automobile,Two-way (divided with broken lines road marking),Tangent road with flat terrain,Y Shape,Dry,Darkness - lights lit,Normal,2.0,Going straight,Not a Pedestrian,Slight Injury
Above 10yr,Pick up upto 10Q,other,Tangent road with flat terrain,No junction,Dry,Daylight,Normal,,Entering a junction,Not a Pedestrian,Slight Injury
5-10yr,Automobile,,Tangent road with flat terrain,Crossing,Dry,Daylight,Normal,2.0,Going straight,Not a Pedestrian,Slight Injury
Below 1yr,Public (> 45 seats),One way,Tangent road with flat terrain,No junction,Dry,Darkness - lights lit,Normal,2.0,Going straight,Not a Pedestrian,Slight Injury
Below 1yr,Lorry (41?100Q),Undivided Two way,Tangent road with flat terrain,Crossing,Dry,Daylight,Normal,,Going straight,Not a Pedestrian,Slight Injury
1-2yr,Lorry (41?100Q),Two-way (divided with broken lines road marking),Tangent road with mild grade and flat terrain,Crossing,Dry,Darkness - lights lit,Normal,1.0,Going straight,Not a Pedestrian,Slight Injury
Above 10yr,Public (13?45 seats),other,Tangent road with flat terrain,Y Shape,Dry,Daylight,Normal,2.0,Going straight,Not a Pedestrian,Slight Injury
5-10yr,Public (13?45 seats),Undivided Two way,Tangent road with flat terrain,Crossing,Dry,Daylight,Normal,2.0,Going straight,Not a Pedestrian,Slight Injury
5-10yr,Public (> 45 seats),Two-way (divided with broken lines road marking),Tangent road with flat terrain,Y Shape,Dry,Daylight,Normal,,Going straight,Not a Pedestrian,Slight Injury
Above 10yr,Stationwagen,Undivided Two way,Tangent road with flat terrain,No junction,Wet or damp,Daylight,Other,2.0,Going straight,Not a Pedestrian,Slight Injury
Above 10yr,Stationwagen,Undivided Two way,Tangent road with flat terrain,Other,Wet or damp,Darkness - lights lit,Normal,1.0,Going straight,Not a Pedestrian,Slight Injury
2-5yr,Lorry (41?100Q),other,Tangent road with flat terrain,Crossing,Wet or damp,Daylight,Normal,2.0,Other,Not a Pedestrian,Slight Injury
Above 10yr,Public (13?45 seats),One way,Steep grade downward with mountainous terrain,No junction,Dry,Daylight,Normal,3.0,Moving Backward,Not a Pedestrian,Slight Injury
1-2yr,Public (12 seats),Undivided Two way,Tangent road with flat terrain,No junction,Dry,Daylight,Normal,2.0,,Not a Pedestrian,Slight Injury
5-10yr,Public (12 seats),other,Tangent road with flat terrain,,Dry,Daylight,Normal,1.0,Turnover,Not a Pedestrian,Slight Injury
2-5yr,Public (12 seats),Double carriageway (median),Tangent road with flat terrain,,Wet or damp,Darkness - no lighting,Raining,1.0,Going straight,Not a Pedestrian,Serious Injury
5-10yr,,Undivided Two way,Tangent road with flat terrain,No junction,Dry,Darkness - lights lit,Normal,1.0,Other,Not a Pedestrian,Slight Injury
2-5yr,Public (12 seats),Double carriageway (median),Tangent road with flat terrain,,Dry,Daylight,Normal,4.0,Other,Not a Pedestrian,Slight Injury
,Long lorry,Two-way (divided with solid lines road marking),Tangent road with flat terrain,,Dry,Daylight,Normal,2.0,Going straight,Not a Pedestrian,Serious Injury
Above 10yr,Turbo,Undivided Two way,Steep grade downward with mountainous terrain,No junction,Dry,Darkness - lights lit,Normal,2.0,Going straight,Not a Pedestrian,Slight Injury
1-2yr,Lorry (41?100Q),Undivided Two way,Tangent road with flat terrain,Crossing,Dry,Daylight,Normal,2.0,Going straight,Not a Pedestrian,Slight Injury
,Stationwagen,Two-way (divided with broken lines road marking),Tangent road with flat terrain,,Wet or damp,Darkness - lights lit,Normal,2.0,Going straight,Crossing from driver's nearside,Slight Injury
2-5yr,Other,One way,,No junction,Wet or damp,Daylight,Raining,2.0,Parked,Not a Pedestrian,Serious Injury
2-5yr,Public (13?45 seats),other,Tangent road with flat terrain,No junction,Dry,Daylight,Normal,3.0,Entering a junction,Not a Pedestrian,Fatal injury
Above 10yr,Automobile,Double carriageway (median),Tangent road with flat terrain,Crossing,Wet or damp,Daylight,Normal,,Going straight,Not a Pedestrian,Slight Injury
Above 10yr,Long lorry,Two-way (divided with broken lines road marking),Tangent road with mountainous terrain and,Y Shape,Dry,Daylight,Normal,,Going straight,Not a Pedestrian,Slight Injury
5-10yr,Lorry (41?100Q),Undivided Two way,Tangent road with flat terrain,,Dry,Darkness - lights lit,Normal,1.0,Going straight,Not a Pedestrian,Fatal injury
Above 10yr,Automobile,Two-way (divided with broken lines road marking),Tangent road with flat terrain,Unknown,Wet or damp,Daylight,Raining,2.0,Going straight,Not a Pedestrian,Slight Injury
1-2yr,Lorry (41?100Q),Two-way (divided with broken lines road marking),Tangent road with flat terrain,Y Shape,Dry,Darkness - lights lit,Normal,,Turnover,Not a Pedestrian,Slight Injury
1-2yr,Automobile,Undivided Two way,Tangent road with flat terrain,Crossing,Dry,Daylight,Normal,3.0,Other,Not a Pedestrian,Slight Injury
1-2yr,Automobile,Undivided Two way,Tangent road with flat terrain,Y Shape,Dry,Darkness - lights lit,Normal,,Going straight,Not a Pedestrian,Slight Injury
5-10yr,Automobile,Two-way (divided with broken lines road marking),Tangent road with flat terrain,No junction,Dry,Daylight,Cloudy,,Other,Not a Pedestrian,Slight Injury
2-5yr,Automobile,Two-way (divided with broken lines road marking),Tangent road with flat terrain,Y Shape,Dry,Daylight,Normal,,Entering a junction,Not a Pedestrian,Slight Injury
Above 10yr,,Undivided Two way,Tangent road with flat terrain,,Wet or damp,Darkness - lights lit,Raining,2.0,Going straight,Not a Pedestrian,Slight Injury
5-10yr,,Two-way (divided with broken lines road marking),Tangent road with flat terrain,,Dry,Daylight,Normal,2.0,Going straight,Not a Pedestrian,Slight Injury
2-5yr,Public (13?45 seats),Undivided Two way,Tangent road with flat terrain,Crossing,Dry,Daylight,Normal,2.0,Going straight,Not a Pedestrian,Slight Injury
2-5yr,Automobile,Two-way (divided with broken lines road marking),Tangent road with flat terrain,No junction,Dry,Daylight,Normal,2.0,Going straight,Not a Pedestrian,Slight Injury
2-5yr,Stationwagen,Two-way (divided with broken lines road marking),Tangent road with mild grade and flat terrain,Crossing,Dry,Darkness - lights lit,Normal,1.0,Going straight,Not a Pedestrian,Serious Injury
Above 10yr,Automobile,Undivided Two way,Tangent road with flat terrain,No junction,Dry,Daylight,Normal,2.0,Reversing,Not a Pedestrian,Slight Injury
5-10yr,,Double carriageway (median),Tangent road with flat terrain,Crossing,Dry,Daylight,Normal,2.0,Going straight,Not a Pedestrian,Slight Injury
2-5yr,Pick up upto 10Q,Two-way (divided with broken lines road marking),Tangent road with flat terrain,Y Shape,Wet or damp,Darkness - lights lit,Normal,4.0,Going straight,Not a Pedestrian,Slight Injury
Above 10yr,Automobile,Undivided Two way,Tangent road with mountainous terrain and,No junction,Wet or damp,Darkness - lights lit,Normal,,Going straight,Not a Pedestrian,Slight Injury
2-5yr,Stationwagen,Double carriageway (median),Tangent road with flat terrain,Crossing,Snow,Daylight,Snow,3.0,Moving Backward,Not a Pedestrian,Slight Injury
1-2yr,Other,Two-way (divided with broken lines road marking),Steep grade upward with mountainous terrain,Y Shape,Wet or damp,Daylight,Windy,2.0,,Not a Pedestrian,Slight Injury
2-5yr,Pick up upto 10Q,Undivided Two way,Tangent road with flat terrain,No junction,Dry,Daylight,Normal,,Going straight,Not a Pedestrian,Slight Injury
Above 10yr,Lorry (41?100Q),Two-way (divided with broken lines road marking),Tangent road with flat terrain,Y Shape,Dry,Darkness - lights lit,Normal,2.0,Going straight,Crossing from driver's nearside,Slight Injury
Above 10yr,Automobile,Undivided Two way,Tangent road with flat terrain,Y Shape,Dry,Daylight,Normal,2.0,Moving Backward,Not a Pedestrian,Serious Injury
2-5yr,Pick up upto 10Q,Double carriageway (median),Gentle horizontal curve,No junction,Dry,Daylight,Normal,1.0,Going straight,Not a Pedestrian,Slight Injury
Below 1yr,Automobile,Undivided Two way,Tangent road with flat terrain,Y Shape,Dry,Daylight,Other,,Going straight,Not a Pedestrian,Slight Injury
Above 10yr,Public (> 45 seats),Two-way (divided with broken lines road marking),Tangent road with flat terrain,No junction,Dry,Daylight,Normal,2.0,Going straight,Not a Pedestrian,Serious Injury
Above 10yr,Automobile,Two-way (divided with broken lines road marking),Tangent road with flat terrain,,Dry,Daylight,Normal,2.0,Going straight,Not a Pedestrian,Slight Injury
Below 1yr,Automobile,Two-way (divided with broken lines road marking),Tangent road with flat terrain,Y Shape,Dry,Daylight,Normal,,Going straight,Not a Pedestrian,Slight Injury
No Licence,Automobile,One way,Tangent road with flat terrain,Y Shape,Dry,Daylight,Normal,2.0,Going straight,Not a Pedestrian,Slight Injury
Above 10yr,Stationwagen,Two-way (divided with broken lines road marking),Tangent road with flat terrain,Y Shape,Wet or damp,Daylight,Raining,2.0,Moving Backward,Not a Pedestrian,Slight Injury
Above 10yr,Public (13?45 seats),Undivided Two way,Tangent road with flat terrain,No junction,Dry,Daylight,Normal,,Going straight,Unknown or other,Slight Injury
Below 1yr,Lorry (11?40Q),Two-way (divided with broken lines road marking),Tangent road with mild grade and flat terrain,No junction,Wet or damp,Darkness - lights lit,Normal,3.0,Going straight,Not a Pedestrian,Slight Injury