driving_experience,type_of_vehicle,lanes_or_medians,road_allignment,types_of_junction,road_surface_conditions,light_conditions,weather_conditions,number_of_vehicles_involved,vehicle_movement,pedestrian_movement,accident_severity
Below 1yr,Pick up upto 10Q,Undivided Two way,Tangent road with flat terrain,No junction,Dry,Daylight,Normal,2.0,Getting off,Not a Pedestrian,Slight Injury
2-5yr,Other,One way,Tangent road with flat terrain,Y Shape,Dry,Daylight,Normal,2.0,Going straight,Not a Pedestrian,Slight Injury
5-10yr,Lorry (41?100Q),other,Tangent road with flat terrain,No junction,Dry,Darkness - lights lit,Normal,2.0,Going straight,Not a Pedestrian,Slight Injury
unknown,Automobile,Undivided Two way,Tangent road with flat terrain,Y Shape,Wet or damp,Darkness - lights lit,Normal,2.0,Going straight,Not a Pedestrian,Slight Injury
5-10yr,Lorry (11?40Q),Undivided Two way,Tangent road with flat terrain,No junction,Dry,Daylight,Normal,,Going straight,Not a Pedestrian,Slight Injury
5-10yr,Pick up upto 10Q,Two-way (divided with broken lines road marking),Tangent road with flat terrain,,Dry,Daylight,Normal,3.0,,Not a Pedestrian,Slight Injury
2-5yr,Lorry (41?100Q),One way,Tangent road with flat terrain,No junction,Dry,Daylight,Normal,2.0,Reversing,Not a Pedestrian,Slight Injury
5-10yr,Automobile,Double carriageway (median),Gentle horizontal curve,Crossing,Dry,Daylight,Normal,1.0,Going straight,Crossing from offside - masked by parked or statioNot a Pedestrianry vehicle,Slight Injury
5-10yr,Automobile,other,Tangent road with flat terrain,Crossing,Wet or damp,Darkness - lights lit,Normal,2.0,Going straight,Not a Pedestrian,Slight Injury
2-5yr,Lorry (41?100Q),Undivided Two way,Tangent road with flat terrain,Crossing,Dry,Daylight,Normal,2.0,Going straight,Not a Pedestrian,Slight Injury
5-10yr,Other,Two-way (divided with broken lines road marking),Tangent road with mild grade and flat terrain,Y Shape,Wet or damp,Darkness - lights lit,Normal,2.0,Going straight,Not a Pedestrian,Slight Injury
Above 10yr,Automobile,Double carriageway (median),Tangent road with flat terrain,Crossing,Dry,Daylight,Normal,,Going straight,Not a Pedestrian,Slight Injury
5-10yr,Automobile,Two-way (divided with broken lines road marking),Tangent road with flat terrain,Y Shape,Snow,Darkness - lights lit,Snow,2.0,Going straight,Not a Pedestrian,Slight Injury
1-2yr,Lorry (41?100Q),Undivided Two way,Tangent road with flat terrain,Y Shape,Wet or damp,Daylight,Normal,2.0,Going straight,Not a Pedestrian,Slight Injury
,Automobile,Undivided Two way,Tangent road with flat terrain,Y Shape,Dry,Darkness - lights lit,Normal,2.0,Turnover,Not a Pedestrian,Serious Injury
Above 10yr,,Two-way (divided with broken lines road marking),Tangent road with flat terrain,Crossing,Dry,Daylight,Normal,2.0,Going straight,Not a Pedestrian,Slight Injury
Above 10yr,Other,other,Tangent road with flat terrain,No junction,Wet or damp,Darkness - lights lit,Windy,3.0,Going straight,Not a Pedestrian,Slight Injury
Above 10yr,Lorry (11?40Q),Two-way (divided with broken lines road marking),Tangent road with flat terrain,Other,Dry,Daylight,Normal,2.0,Other,Not a Pedestrian,Slight Injury
No Licence,Lorry (41?100Q),Undivided Two way,Gentle horizontal curve,Y Shape,Dry,Daylight,Normal,,Going straight,Not a Pedestrian,Slight Injury
Above 10yr,Taxi,Undivided Two way,Tangent road with flat terrain,No junction,Wet or damp,Daylight,Normal,2.0,Going straight,Not a Pedestrian,Slight Injury
2-5yr,Lorry (11?40Q),Undivided Two way,Tangent road with flat terrain,Y Shape,Dry,Daylight,Normal,,Going straight,Not a Pedestrian,Slight Injury
,,Two-way (divided with broken lines road marking),Tangent road with flat terrain,,Dry,Daylight,Normal,2.0,Going straight,Not a Pedestrian,Slight Injury
Above 10yr,Lorry (41?100Q),,Tangent road with flat terrain,Y Shape,Dry,Darkness - lights lit,Normal,2.0,Going straight,Not a Pedestrian,Slight Injury
Above 10yr,Public (13?45 seats),Double carriageway (median),Tangent road with flat terrain,Y Shape,Dry,Darkness - lights lit,Normal,2.0,Moving Backward,Not a Pedestrian,Slight Injury
5-10yr,Lorry (41?100Q),Two-way (divided with broken lines road marking),Tangent road with flat terrain,No junction,Wet or damp,Daylight,Normal,1.0,Reversing,Not a Pedestrian,Serious Injury
1-2yr,Lorry (11?40Q),Two-way (divided with broken lines road marking),Tangent road with flat terrain,No junction,Dry,Darkness - lights lit,Unknown,,Going straight,Not a Pedestrian,Slight Injury
5-10yr,Automobile,Two-way (divided with broken lines road marking),Tangent road with flat terrain,No junction,Wet or damp,Daylight,Raining,3.0,Other,Not a Pedestrian,Slight Injury
5-10yr,Long lorry,Undivided Two way,Tangent road with flat terrain,Y Shape,Dry,Daylight,Normal,2.0,Going straight,Not a Pedestrian,Slight Injury
5-10yr,Lorry (11?40Q),Two-way (divided with broken lines road marking),Tangent road with flat terrain,,Dry,Darkness - lights lit,Normal,2.0,Turnover,Not a Pedestrian,Serious Injury
1-2yr,Lorry (11?40Q),Undivided Two way,Tangent road with flat terrain,Crossing,Dry,Daylight,Normal,,Going straight,Unknown or other,Slight Injury
2-5yr,Automobile,Two-way (divided with broken lines road marking),Tangent road with flat terrain,No junction,Wet or damp,Daylight,Raining,1.0,Going straight,Crossing from offside - masked by parked or statioNot a Pedestrianry vehicle,Serious Injury
5-10yr,Automobile,Undivided Two way,Tangent road with flat terrain,Crossing,Dry,Daylight,Normal,3.0,Going straight,Crossing from nearside - masked by parked or statioNot a Pedestrianry vehicle,Slight Injury
2-5yr,Automobile,Undivided Two way,Tangent road with mountainous terrain and,Crossing,Wet or damp,Daylight,Normal,,Reversing,Crossing from offside - masked by parked or statioNot a Pedestrianry vehicle,Serious Injury
1-2yr,Other,Undivided Two way,Tangent road with flat terrain,No junction,Dry,Daylight,Normal,2.0,Going straight,Not a Pedestrian,Slight Injury
5-10yr,Pick up upto 10Q,Undivided Two way,Tangent road with flat terrain,No junction,Dry,Daylight,Normal,,Going straight,Not a Pedestrian,Slight Injury
,Lorry (41?100Q),Double carriageway (median),Tangent road with flat terrain,No junction,Dry,Daylight,Normal,3.0,Turnover,Not a Pedestrian,Slight Injury
5-10yr,Automobile,One way,Tangent road with flat terrain,No junction,Dry,Daylight,Normal,2.0,Moving Backward,Not a Pedestrian,Slight Injury
2-5yr,Taxi,Two-way (divided with broken lines road marking),Tangent road with flat terrain,Y Shape,Dry,Daylight,Normal,3.0,Going straight,Not a Pedestrian,Slight Injury
,Other,Two-way (divided with broken lines road marking),Tangent road with flat terrain,Crossing,Dry,Daylight,Normal,2.0,Going straight,Not a Pedestrian,Slight Injury
5-10yr,Lorry (41?100Q),Undivided Two way,Tangent road with flat terrain,No junction,Wet or damp,Darkness - lights lit,Normal,,Going straight,Not a Pedestrian,Serious Injury
1-2yr,Automobile,Two-way (divided with broken lines road marking),Tangent road with flat terrain,Y Shape,Dry,Daylight,Normal,2.0,Going straight,Not a Pedestrian,Slight Injury
1-2yr,Automobile,other,Tangent road with flat terrain,Y Shape,Wet or damp,Daylight,Raining,1.0,Going straight,Not a Pedestrian,Slight Injury
Above 10yr,Automobile,Undivided Two way,Tangent road with flat terrain,Y Shape,Dry,Daylight,Normal,2.0,Going straight,Not a Pedestrian,Serious Injury
2-5yr,Public (13?45 seats),Undivided Two way,Tangent road with flat terrain,Y Shape,Dry,Daylight,Normal,2.0,,Not a Pedestrian,Slight Injury
2-5yr,Lorry (41?100Q),Two-way (divided with broken lines road marking),Tangent road with flat terrain,No junction,Wet or damp,Daylight,Raining,1.0,Going straight,Not a Pedestrian,Slight Injury
1-2yr,Lorry (41?100Q),other,Tangent road with flat terrain,Unknown,Dry,Daylight,Normal,2.0,Going straight,Not a Pedestrian,Slight Injury
5-10yr,Pick up upto 10Q,Double carriageway (median),Tangent road with flat terrain,Y Shape,Dry,Daylight,Normal,2.0,Going straight,Not a Pedestrian,Slight Injury
Above 10yr,Public (12 seats),Undivided Two way,Tangent road with flat terrain,Y Shape,Wet or damp,Daylight,Normal,,Reversing,Not a Pedestrian,Slight Injury
5-10yr,Lorry (41?100Q),One way,Tangent road with flat terrain,No junction,Dry,Daylight,Normal,2.0,Getting off,Not a Pedestrian,Slight Injury
2-5yr,Public (12 seats),Undivided Two way,Tangent road with flat terrain,Crossing,Dry,Daylight,Normal,1.0,Going straight,Not a Pedestrian,Slight Injury
1-2yr,Pick up upto 10Q,Two-way (divided with broken lines road marking),Tangent road with flat terrain,Crossing,Wet or damp,Daylight,Normal,3.0,Reversing,Unknown or other,Slight Injury
5-10yr,Other,Two-way (divided with broken lines road marking),Tangent road with flat terrain,No junction,Dry,Daylight,Unknown,2.0,Going straight,Not a Pedestrian,Slight Injury
2-5yr,Other,Unknown,Tangent road with flat terrain,No junction,Dry,Daylight,Normal,2.0,Going straight,Crossing from offside - masked by parked or statioNot a Pedestrianry vehicle,Slight Injury
2-5yr,Automobile,other,Tangent road with flat terrain,Y Shape,Dry,Daylight,Normal,2.0,Going straight,Not a Pedestrian,Slight Injury
Above 10yr,Long lorry,Two-way (divided with broken lines road marking),Tangent road with flat terrain,Other,Dry,Daylight,Normal,,Going straight,Not a Pedestrian,Slight Injury
2-5yr,Automobile,Undivided Two way,Tangent road with flat terrain,No junction,Dry,Daylight,Normal,,Overtaking,Not a Pedestrian,Slight Injury
2-5yr,Public (12 seats),other,Tangent road with flat terrain,Y Shape,Wet or damp,Darkness - no lighting,Normal,3.0,Going straight,Not a Pedestrian,Serious Injury
2-5yr,Automobile,Undivided Two way,Tangent road with flat terrain,Y Shape,Wet or damp,Daylight,Other,2.0,Going straight,Not a Pedestrian,Slight Injury
5-10yr,Pick up upto 10Q,Two-way (divided with broken lines road marking),Steep grade downward with mountainous terrain,Y Shape,Dry,Daylight,Normal,,Moving Backward,Not a Pedestrian,Slight Injury
5-10yr,Automobile,Two-way (divided with broken lines road marking),Tangent road with flat terrain,Crossing,Wet or damp,Darkness - lights lit,Raining,3.0,Going straight,Not a Pedestrian,Slight Injury
5-10yr,Automobile,Two-way (divided with broken lines road marking),Tangent road with flat terrain,No junction,Dry,Darkness - lights lit,Normal,3.0,Unknown,Not a Pedestrian,Slight Injury
Above 10yr,Lorry (41?100Q),One way,Tangent road with flat terrain,No junction,Dry,Daylight,Normal,,Other,Not a Pedestrian,Slight Injury
Below 1yr,Automobile,other,Tangent road with flat terrain,No junction,Dry,Daylight,Normal,2.0,Going straight,Not a Pedestrian,Serious Injury
1-2yr,Public (> 45 seats),Two-way (divided with broken lines road marking),Tangent road with flat terrain,Crossing,Dry,Daylight,Normal,2.0,Going straight,Not a Pedestrian,Slight Injury
Below 1yr,Automobile,Two-way (divided with broken lines road marking),Tangent road with flat terrain,No junction,Dry,Darkness - lights lit,Normal,1.0,Going straight,Not a Pedestrian,Slight Injury
,Other,Undivided Two way,Tangent road with flat terrain,,Dry,Daylight,Normal,2.0,Overtaking,Not a Pedestrian,Slight Injury
5-10yr,Other,Undivided Two way,Tangent road with flat terrain,No junction,Wet or damp,Darkness - lights lit,Normal,,Entering a junction,Not a Pedestrian,Slight Injury
1-2yr,Lorry (11?40Q),Two-way (divided with broken lines road marking),Tangent road with flat terrain,Crossing,Dry,Daylight,Normal,2.0,,Not a Pedestrian,Slight Injury
2-5yr,Lorry (41?100Q),Undivided Two way,Tangent road with flat terrain,No junction,Dry,Daylight,Normal,2.0,Moving Backward,Not a Pedestrian,Slight Injury
5-10yr,Other,Two-way (divided with broken lines road marking),Tangent road with flat terrain,No junction,Dry,Daylight,Normal,2.0,Going straight,Not a Pedestrian,Serious Injury
Above 10yr,Pick up upto 10Q,,Tangent road with flat terrain,Y Shape,Dry,Daylight,Normal,3.0,Going straight,Crossing from nearside - masked by parked or statioNot a Pedestrianry vehicle,Slight Injury
2-5yr,Automobile,Two-way (divided with broken lines road marking),Tangent road with flat terrain,Y Shape,Dry,Daylight,Normal,3.0,Going straight,Not a Pedestrian,Slight Injury
Above 10yr,Lorry (41?100Q),Two-way (divided with broken lines road marking),Tangent road with flat terrain,Crossing,Wet or damp,Darkness - lights lit,Raining,2.0,Unknown,Not a Pedestrian,Slight Injury
5-10yr,Motorcycle,Two-way (divided with broken lines road marking),Tangent road with flat terrain,No junction,Dry,Darkness - no lighting,Normal,1.0,Going straight,Not a Pedestrian,Serious Injury
Below 1yr,Motorcycle,Two-way (divided with broken lines road marking),Sharp reverse curve,Y Shape,Dry,Daylight,Normal,,Going straight,Not a Pedestrian,Serious Injury
1-2yr,Automobile,Double carriageway (median),Tangent road with flat terrain,No junction,Dry,Daylight,Normal,1.0,Moving Backward,Not a Pedestrian,Serious Injury
Below 1yr,Lorry (41?100Q),One way,Tangent road with flat terrain,Crossing,Wet or damp,Darkness - lights lit,Windy,1.0,Other,Not a Pedestrian,Slight Injury
2-5yr,Public (> 45 seats),Two-way (divided with broken lines road marking),Escarpments,No junction,Dry,Darkness - lights lit,Unknown,2.0,Going straight,Not a Pedestrian,Slight Injury
1-2yr,Automobile,Undivided Two way,Tangent road with flat terrain,No junction,Dry,Darkness - lights lit,Normal,2.0,Getting off,Not a Pedestrian,Slight Injury
Above 10yr,Lorry (41?100Q),,Tangent road with flat terrain,No junction,Dry,Daylight,Normal,2.0,Going straight,Not a Pedestrian,Slight Injury
1-2yr,Public (> 45 seats),other,Tangent road with flat terrain,No junction,Dry,Daylight,Normal,2.0,Going straight,Not a Pedestrian,Slight Injury
,Ridden horse,Undivided Two way,Tangent road with flat terrain,No junction,Wet or damp,Daylight,Raining,3.0,Going straight,Not a Pedestrian,Slight Injury
2-5yr,,Two-way (divided with broken lines road marking),Tangent road with flat terrain,Crossing,Dry,Daylight,Normal,1.0,Reversing,Not a Pedestrian,Slight Injury
1-2yr,,Two-way (divided with broken lines road marking),Tangent road with flat terrain,No junction,Wet or damp,Darkness - lights lit,Raining and Windy,2.0,Moving Backward,Not a Pedestrian,Slight Injury
,Lorry (11?40Q),Two-way (divided with broken lines road marking),Tangent road with flat terrain,Y Shape,Dry,Daylight,Normal,2.0,,Not a Pedestrian,Serious Injury
,,One way,Tangent road with flat terrain,Y Shape,Dry,Darkness - lights lit,Normal,2.0,Going straight,Not a Pedestrian,Slight Injury
5-10yr,Lorry (41?100Q),Undivided Two way,Tangent road with flat terrain,Crossing,Dry,Darkness - lights lit,Normal,,Going straight,Not a Pedestrian,Slight Injury
5-10yr,Automobile,Two-way (divided with broken lines road marking),Escarpments,No junction,Dry,Darkness - lights lit,Normal,2.0,,Not a Pedestrian,Slight Injury
Above 10yr,Automobile,other,Tangent road with flat terrain,Y Shape,Wet or damp,Daylight,Raining,,Going straight,Not a Pedestrian,Slight Injury
5-10yr,Lorry (41?100Q),Two-way (divided with broken lines road marking),Tangent road with flat terrain,,Dry,Daylight,Normal,2.0,Going straight,Not a Pedestrian,Slight Injury
No Licence,Stationwagen,other,Tangent road with flat terrain,Y Shape,Dry,Daylight,Normal,2.0,Going straight,Not a Pedestrian,Slight Injury
5-10yr,Automobile,Undivided Two way,Tangent road with mild grade and flat terrain,No junction,Dry,Daylight,Normal,,Going straight,Not a Pedestrian,Slight Injury
2-5yr,Automobile,One way,Tangent road with flat terrain,Crossing,Dry,Daylight,Unknown,2.0,Going straight,Not a Pedestrian,Slight Injury
5-10yr,Pick up upto 10Q,Two-way (divided with broken lines road marking),Tangent road with flat terrain,No junction,Wet or damp,Daylight,Normal,2.0,Going straight,Not a Pedestrian,Slight Injury
Below 1yr,Public (> 45 seats),other,Tangent road with flat terrain,Y Shape,Wet or damp,Daylight,Raining,,Reversing,Not a Pedestrian,Slight Injury
,Automobile,Undivided Two way,Tangent road with flat terrain,,Wet or damp,Darkness - lights lit,Normal,2.0,Going straight,Unknown or other,Slight Injury
Above 10yr,,Two-way (divided with solid lines road marking),Tangent road with flat terrain,Y Shape,Dry,Darkness - lights lit,Normal,3.0,Entering a junction,Not a Pedestrian,Slight Injury
2-5yr,Lorry (41?100Q),Double carriageway (median),Tangent road with flat terrain,Y Shape,Dry,Daylight,Normal,2.0,Going straight,Not a Pedestrian,Slight Injury
Above 10yr,Other,Two-way (divided with broken lines road marking),Tangent road with flat terrain,No junction,Dry,Daylight,Normal,2.0,Reversing,Unknown or other,Slight Injury
Above 10yr,Motorcycle,other,Tangent road with flat terrain,No junction,Wet or damp,Darkness - lights lit,Normal,2.0,Other,Not a Pedestrian,Slight Injury
5-10yr,Automobile,other,Tangent road with flat terrain,Y Shape,Wet or damp,Darkness - lights lit,Normal,,Going straight,Not a Pedestrian,Slight Injury
2-5yr,Lorry (41?100Q),Undivided Two way,Tangent road with flat terrain,No junction,Dry,Darkness - lights lit,Normal,2.0,Going straight,Not a Pedestrian,Slight Injury
Above 10yr,,Two-way (divided with broken lines road marking),Tangent road with flat terrain,O Shape,Dry,Darkness - lights lit,Normal,2.0,Going straight,Not a Pedestrian,Slight Injury
5-10yr,Lorry (41?100Q),Two-way (divided with broken lines road marking),Tangent road with flat terrain,No junction,Dry,Darkness - lights lit,Normal,1.0,Going straight,Not a Pedestrian,Slight Injury
Below 1yr,Stationwagen,Undivided Two way,Tangent road with mountainous terrain and,Y Shape,Wet or damp,Darkness - lights lit,Raining,1.0,Going straight,Not a Pedestrian,Serious Injury
1-2yr,Automobile,other,Tangent road with flat terrain,No junction,Dry,Daylight,Normal,,Going straight,Not a Pedestrian,Slight Injury
5-10yr,Stationwagen,Undivided Two way,Tangent road with flat terrain,Y Shape,Dry,Daylight,Normal,,Other,Not a Pedestrian,Slight Injury
Above 10yr,Automobile,Two-way (divided with broken lines road marking),Tangent road with flat terrain,Y Shape,Wet or damp,Darkness - lights lit,Normal,,Moving Backward,Not a Pedestrian,Slight Injury
1-2yr,Taxi,Two-way (divided with broken lines road marking),Tangent road with flat terrain,Crossing,Dry,Daylight,Normal,1.0,Going straight,Not a Pedestrian,Serious Injury
Below 1yr,Lorry (41?100Q),Two-way (divided with broken lines road marking),Tangent road with flat terrain,Y Shape,Dry,Daylight,Normal,3.0,Going straight,Not a Pedestrian,Slight Injury
Above 10yr,Automobile,Undivided Two way,Tangent road with flat terrain,Y Shape,Dry,Darkness - lights lit,Normal,1.0,Going straight,Not a Pedestrian,Slight Injury
5-10yr,Other,Undivided Two way,Tangent road with flat terrain,Y Shape,Wet or damp,Daylight,Normal,,Going straight,Not a Pedestrian,Slight Injury
,Public (13?45 seats),Two-way (divided with broken lines road marking),Tangent road with flat terrain,No junction,Dry,Daylight,Normal,4.0,Going straight,Not a Pedestrian,Slight Injury
Above 10yr,Long lorry,Double carriageway (median),Tangent road with flat terrain,Crossing,Dry,Daylight,Normal,1.0,Reversing,Not a Pedestrian,Serious Injury
Above 10yr,Automobile,Two-way (divided with broken lines road marking),Tangent road with flat terrain,,Wet or damp,Darkness - lights lit,Normal,2.0,Going straight,Not a Pedestrian,Slight Injury
5-10yr,Other,Two-way (divided with broken lines road marking),Tangent road with flat terrain,Crossing,Dry,Darkness - lights lit,Normal,3.0,Going straight,Not a Pedestrian,Slight Injury
Above 10yr,Lorry (41?100Q),other,Tangent road with flat terrain,Crossing,Dry,Daylight,Normal,2.0,Going straight,Not a Pedestrian,Slight Injury
5-10yr,Taxi,One way,Tangent road with flat terrain,Y Shape,Dry,Daylight,Normal,2.0,Going straight,Not a Pedestrian,Slight Injury
5-10yr,Taxi,One way,Tangent road with flat terrain,Crossing,Dry,Darkness - lights lit,Unknown,1.0,Turnover,Not a Pedestrian,Serious Injury
Above 10yr,Pick up upto 10Q,Two-way (divided with broken lines road marking),Tangent road with flat terrain,Y Shape,Dry,Daylight,Normal,2.0,Other,Unknown or other,Slight Injury
5-10yr,,One way,Tangent road with flat terrain,Y Shape,Dry,Darkness - lights lit,Cloudy,2.0,Going straight,"In carriageway, statioNot a Pedestrianry - not crossing (standing or playing)",Serious Injury
5-10yr,Other,Undivided Two way,Tangent road with flat terrain,Crossing,Dry,Daylight,Unknown,2.0,Going straight,Not a Pedestrian,Slight Injury
1-2yr,,,Tangent road with flat terrain,Crossing,Wet or damp,Daylight,Raining,1.0,Going straight,Not a Pedestrian,Slight Injury
1-2yr,Lorry (41?100Q),Undivided Two way,Tangent road with flat terrain,Y Shape,Wet or damp,Darkness - lights lit,Normal,2.0,Going straight,"In carriageway, statioNot a Pedestrianry - not crossing (standing or playing)",Slight Injury
Above 10yr,Automobile,Double carriageway (median),Tangent road with flat terrain,Y Shape,Dry,Daylight,Unknown,2.0,Reversing,Not a Pedestrian,Slight Injury
,Automobile,Two-way (divided with broken lines road marking),Tangent road with flat terrain,,Dry,Daylight,Normal,2.0,Going straight,Not a Pedestrian,Slight Injury
5-10yr,Lorry (41?100Q),Undivided Two way,Tangent road with flat terrain,Crossing,Dry,Daylight,Normal,2.0,Going straight,Not a Pedestrian,Slight Injury
5-10yr,Long lorry,Two-way (divided with broken lines road marking),Tangent road with flat terrain,Y Shape,Dry,Daylight,Normal,2.0,Going straight,Not a Pedestrian,Slight Injury
Above 10yr,Other,other,Tangent road with flat terrain,Crossing,Dry,Daylight,Normal,2.0,Other,Not a Pedestrian,Slight Injury
2-5yr,Lorry (41?100Q),Undivided Two way,Tangent road with flat terrain,Crossing,Wet or damp,Daylight,Raining,2.0,Turnover,Not a Pedestrian,Slight Injury
Above 10yr,Pick up upto 10Q,Double carriageway (median),Tangent road with flat terrain,Crossing,Dry,Daylight,Normal,,Reversing,Not a Pedestrian,Slight Injury
5-10yr,Automobile,Undivided Two way,Tangent road with flat terrain,Y Shape,Dry,Darkness - lights lit,Normal,1.0,Entering a junction,Not a Pedestrian,Slight Injury
Below 1yr,Lorry (11?40Q),Two-way (divided with broken lines road marking),Tangent road with flat terrain,Crossing,Dry,Daylight,Normal,2.0,Going straight,Not a Pedestrian,Slight Injury
5-10yr,Long lorry,Two-way (divided with broken lines road marking),Tangent road with flat terrain,Y Shape,Dry,Daylight,Normal,6.0,Going straight,Not a Pedestrian,Serious Injury
5-10yr,Long lorry,Undivided Two way,Tangent road with flat terrain,No junction,Wet or damp,Daylight,Other,2.0,Going straight,Not a Pedestrian,Slight Injury
5-10yr,Special vehicle,Two-way (divided with broken lines road marking),Tangent road with flat terrain,Y Shape,Dry,Daylight,Normal,2.0,Turnover,Not a Pedestrian,Slight Injury
Above 10yr,Automobile,Undivided Two way,Tangent road with flat terrain,Y Shape,Dry,Darkness - lights lit,Normal,2.0,Going straight,Crossing from nearside - masked by parked or statioNot a Pedestrianry vehicle,Slight Injury
1-2yr,Automobile,Undivided Two way,Tangent road with flat terrain,Y Shape,Dry,Daylight,Normal,1.0,Going straight,Not a Pedestrian,Slight Injury
2-5yr,Lorry (41?100Q),Two-way (divided with broken lines road marking),Tangent road with flat terrain,Y Shape,Dry,Daylight,Normal,2.0,Going straight,Not a Pedestrian,Slight Injury
5-10yr,Automobile,Undivided Two way,Tangent road with flat terrain,No junction,Dry,Daylight,Normal,3.0,Other,Not a Pedestrian,Slight Injury
5-10yr,Other,Undivided Two way,Tangent road with flat terrain,Crossing,Dry,Daylight,Normal,,Going straight,Not a Pedestrian,Slight Injury
2-5yr,Lorry (41?100Q),Two-way (divided with broken lines road marking),Tangent road with flat terrain,Y Shape,Dry,Daylight,Normal,3.0,Moving Backward,Crossing from driver's nearside,Slight Injury
2-5yr,Lorry (41?100Q),Two-way (divided with broken lines road marking),Tangent road with flat terrain,No junction,Dry,Daylight,Normal,2.0,Going straight,Not a Pedestrian,Slight Injury
Above 10yr,Automobile,Two-way (divided with broken lines road marking),Tangent road with flat terrain,No junction,Dry,Daylight,Unknown,,Going straight,Not a Pedestrian,Slight Injury
,Automobile,Double carriageway (median),Gentle horizontal curve,No junction,Dry,Daylight,Normal,2.0,,Not a Pedestrian,Slight Injury
5-10yr,Public (12 seats),Undivided Two way,Tangent road with flat terrain,Y Shape,Dry,Darkness - lights lit,Normal,,Going straight,Not a Pedestrian,Slight Injury
Below 1yr,Other,Double carriageway (median),Tangent road with flat terrain,Y Shape,Dry,Daylight,Normal,2.0,Going straight,Not a Pedestrian,Slight Injury
Above 10yr,Lorry (41?100Q),Undivided Two way,Tangent road with flat terrain,Crossing,Dry,Daylight,Normal,2.0,Other,Not a Pedestrian,Slight Injury
2-5yr,Automobile,Two-way (divided with broken lines road marking),Tangent road with mountainous terrain and,Y Shape,Dry,Daylight,Normal,2.0,Moving Backward,Not a Pedestrian,Slight Injury
Below 1yr,Automobile,Two-way (divided with broken lines road marking),Tangent road with flat terrain,Y Shape,Dry,Daylight,Normal,2.0,Going straight,Not a Pedestrian,Slight Injury
5-10yr,,Two-way (divided with broken lines road marking),Tangent road with flat terrain,Y Shape,Dry,Daylight,Normal,2.0,Reversing,Not a Pedestrian,Slight Injury
Above 10yr,Stationwagen,Undivided Two way,Gentle horizontal curve,Y Shape,Dry,Daylight,Normal,2.0,Overtaking,Not a Pedestrian,Slight Injury
2-5yr,Lorry (41?100Q),Undivided Two way,Tangent road with flat terrain,Y Shape,Dry,Darkness - lights unlit,Normal,3.0,Going straight,Not a Pedestrian,Slight Injury
Above 10yr,Lorry (11?40Q),Two-way (divided with broken lines road marking),Tangent road with flat terrain,No junction,Dry,Daylight,Normal,2.0,Moving Backward,Not a Pedestrian,Slight Injury
5-10yr,Automobile,One way,Tangent road with flat terrain,Y Shape,Dry,Daylight,Normal,1.0,Going straight,Not a Pedestrian,Slight Injury
1-2yr,Stationwagen,One way,Steep grade downward with mountainous terrain,No junction,Dry,Daylight,Normal,2.0,Going straight,Not a Pedestrian,Slight Injury
5-10yr,Long lorry,Undivided Two way,Tangent road with flat terrain,,Dry,Darkness - no lighting,Normal,3.0,Moving Backward,Not a Pedestrian,Slight Injury
5-10yr,Lorry (41?100Q),Two-way (divided with broken lines road marking),Tangent road with flat terrain,Y Shape,Dry,Daylight,Normal,4.0,Getting off,Not a Pedestrian,Slight Injury
Above 10yr,Automobile,Two-way (divided with broken lines road marking),Tangent road with flat terrain,No junction,Dry,Daylight,Normal,2.0,Going straight,Not a Pedestrian,Slight Injury
Above 10yr,Public (13?45 seats),Undivided Two way,Tangent road with flat terrain,Y Shape,Dry,Daylight,Normal,,Going straight,Not a Pedestrian,Slight Injury
Below 1yr,Lorry (41?100Q),Undivided Two way,Tangent road with flat terrain,Crossing,Wet or damp,Daylight,Normal,4.0,Going straight,Not a Pedestrian,Serious Injury
1-2yr,Public (13?45 seats),Undivided Two way,Tangent road with flat terrain,Y Shape,Wet or damp,Daylight,Normal,2.0,Going straight,Not a Pedestrian,Slight Injury
5-10yr,,,Tangent road with flat terrain,Crossing,Dry,Daylight,Normal,1.0,Going straight,"In carriageway, statioNot a Pedestrianry - not crossing (standing or playing) - masked by parked or statioNot a Pedestrianry vehicle",Slight Injury
Above 10yr,Automobile,other,Tangent road with flat terrain,O Shape,Dry,Daylight,Unknown,2.0,Other,Not a Pedestrian,Slight Injury
2-5yr,Automobile,Undivided Two way,Tangent road with flat terrain,Y Shape,Dry,Darkness - lights lit,Normal,,Reversing,Not a Pedestrian,Slight Injury
Below 1yr,Stationwagen,Two-way (divided with broken lines road marking),Tangent road with flat terrain,Y Shape,Dry,Daylight,Normal,2.0,Unknown,Not a Pedestrian,Slight Injury
2-5yr,Taxi,Double carriageway (median),Tangent road with mild grade and flat terrain,No junction,Dry,Daylight,Normal,,Going straight,Not a Pedestrian,Slight Injury
1-2yr,Automobile,other,Tangent road with flat terrain,Crossing,Dry,Darkness - lights lit,Normal,1.0,Turnover,Not a Pedestrian,Slight Injury