driving_experience,type_of_vehicle,lanes_or_medians,road_allignment,types_of_junction,road_surface_conditions,light_conditions,weather_conditions,number_of_vehicles_involved,vehicle_movement,pedestrian_movement,accident_severity
2-5yr,Public (13?45 seats),Undivided Two way,Tangent road with flat terrain,Crossing,Dry,Daylight,Normal,3.0,Going straight,Not a Pedestrian,Slight Injury
Below 1yr,Pick up upto 10Q,other,Tangent road with flat terrain,Crossing,Dry,Darkness - no lighting,Normal,1.0,,Not a Pedestrian,Slight Injury
5-10yr,Other,Two-way (divided with broken lines road marking),Tangent road with flat terrain,Y Shape,Dry,Daylight,Normal,2.0,Reversing,Not a Pedestrian,Slight Injury
1-2yr,Lorry (41?100Q),Two-way (divided with broken lines road marking),Tangent road with flat terrain,Y Shape,Wet or damp,Darkness - lights lit,Normal,2.0,Going straight,Not a Pedestrian,Slight Injury
1-2yr,Automobile,Two-way (divided with solid lines road marking),Tangent road with flat terrain,Y Shape,Dry,Darkness - lights lit,Normal,,Entering a junction,Not a Pedestrian,Slight Injury
Above 10yr,Public (12 seats),Two-way (divided with broken lines road marking),Tangent road with flat terrain,Y Shape,Dry,Daylight,Normal,2.0,Moving Backward,Not a Pedestrian,Serious Injury
2-5yr,Pick up upto 10Q,Two-way (divided with broken lines road marking),Tangent road with mild grade and flat terrain,Y Shape,Wet or damp,Daylight,Normal,1.0,Going straight,Not a Pedestrian,Slight Injury
Above 10yr,,Undivided Two way,Tangent road with flat terrain,No junction,Dry,Darkness - lights lit,Normal,2.0,Going straight,Unknown or other,Slight Injury
Above 10yr,,Double carriageway (median),Tangent road with flat terrain,Y Shape,Dry,Daylight,Normal,2.0,Going straight,Not a Pedestrian,Slight Injury
5-10yr,Pick up upto 10Q,Undivided Two way,Tangent road with flat terrain,No junction,Dry,Darkness - lights lit,Normal,,Other,Not a Pedestrian,Slight Injury
Above 10yr,Public (13?45 seats),other,Tangent road with rolling terrain,Y Shape,Wet or damp,Daylight,Raining,,Overtaking,Not a Pedestrian,Slight Injury
5-10yr,Automobile,One way,Tangent road with flat terrain,No junction,Dry,Daylight,Normal,,Going straight,Not a Pedestrian,Slight Injury
2-5yr,Motorcycle,Undivided Two way,Tangent road with flat terrain,Y Shape,Dry,Daylight,Normal,,Going straight,Crossing from nearside - masked by parked or statioNot a Pedestrianry vehicle,Serious Injury
5-10yr,Special vehicle,Two-way (divided with broken lines road marking),Tangent road with flat terrain,Y Shape,Dry,Daylight,Normal,2.0,Moving Backward,Not a Pedestrian,Slight Injury
Above 10yr,Automobile,Undivided Two way,Tangent road with flat terrain,Y Shape,Dry,Darkness - lights lit,Normal,3.0,Going straight,Crossing from nearside - masked by parked or statioNot a Pedestrianry vehicle,Slight Injury
5-10yr,Taxi,other,,No junction,Dry,Daylight,Normal,2.0,Going straight,Not a Pedestrian,Slight Injury
Below 1yr,Pick up upto 10Q,Two-way (divided with broken lines road marking),Tangent road with flat terrain,No junction,Wet or damp,Daylight,Normal,1.0,Going straight,Not a Pedestrian,Serious Injury
2-5yr,Public (12 seats),Two-way (divided with broken lines road marking),Tangent road with flat terrain,Crossing,Dry,Daylight,Normal,2.0,Going straight,Not a Pedestrian,Slight Injury
5-10yr,Stationwagen,Undivided Two way,Tangent road with flat terrain,No junction,Wet or damp,Daylight,Raining,1.0,Turnover,Not a Pedestrian,Slight Injury
,Automobile,Double carriageway (median),Tangent road with flat terrain,Y Shape,Wet or damp,Daylight,Raining,3.0,Moving Backward,Not a Pedestrian,Serious Injury
,,other,Tangent road with flat terrain,Y Shape,Dry,Daylight,Normal,2.0,Going straight,Not a Pedestrian,Slight Injury
2-5yr,Automobile,other,Tangent road with flat terrain,No junction,Dry,Daylight,Normal,2.0,Going straight,Not a Pedestrian,Slight Injury
2-5yr,Public (> 45 seats),Two-way (divided with broken lines road marking),Tangent road with flat terrain,O Shape,Wet or damp,Daylight,Normal,2.0,Going straight,Crossing from nearside - masked by parked or statioNot a Pedestrianry vehicle,Serious Injury
Above 10yr,Long lorry,Two-way (divided with broken lines road marking),Tangent road with mountainous terrain and,Y Shape,Wet or damp,Daylight,Raining,2.0,Going straight,Not a Pedestrian,Slight Injury
1-2yr,Automobile,Undivided Two way,Tangent road with flat terrain,No junction,Dry,Daylight,Normal,1.0,Going straight,Not a Pedestrian,Serious Injury
5-10yr,Lorry (41?100Q),Undivided Two way,Tangent road with flat terrain,Crossing,Dry,Daylight,Normal,2.0,Going straight,Not a Pedestrian,Slight Injury
5-10yr,Pick up upto 10Q,Two-way (divided with broken lines road marking),Tangent road with flat terrain,Y Shape,Dry,Daylight,Normal,,Going straight,Not a Pedestrian,Slight Injury
Above 10yr,,Two-way (divided with broken lines road marking),Tangent road with flat terrain,Y Shape,Dry,Daylight,Normal,3.0,Other,Not a Pedestrian,Slight Injury
5-10yr,Public (13?45 seats),other,Steep grade downward with mountainous terrain,,Wet or damp,Darkness - lights lit,Normal,2.0,Getting off,Crossing from nearside - masked by parked or statioNot a Pedestrianry vehicle,Slight Injury
2-5yr,Automobile,Two-way (divided with broken lines road marking),Steep grade downward with mountainous terrain,No junction,Dry,Darkness - lights lit,Cloudy,,Going straight,Not a Pedestrian,Slight Injury
5-10yr,Other,Undivided Two way,Tangent road with flat terrain,Y Shape,Dry,Daylight,Normal,1.0,Going straight,Not a Pedestrian,Slight Injury
,,Two-way (divided with broken lines road marking),Tangent road with mild grade and flat terrain,Y Shape,Dry,Daylight,Normal,2.0,Going straight,Not a Pedestrian,Serious Injury
1-2yr,Automobile,Two-way (divided with broken lines road marking),Tangent road with flat terrain,Crossing,Wet or damp,Darkness - lights lit,Normal,2.0,Going straight,Not a Pedestrian,Slight Injury
Below 1yr,Lorry (41?100Q),Two-way (divided with broken lines road marking),Tangent road with flat terrain,Y Shape,Dry,Daylight,Normal,2.0,Going straight,Not a Pedestrian,Slight Injury
2-5yr,Lorry (41?100Q),Two-way (divided with broken lines road marking),Tangent road with flat terrain,,Dry,Daylight,Normal,3.0,Going straight,Not a Pedestrian,Slight Injury
2-5yr,Other,Two-way (divided with broken lines road marking),Tangent road with mild grade and flat terrain,Crossing,Dry,Daylight,Normal,3.0,Getting off,Not a Pedestrian,Serious Injury
,Pick up upto 10Q,Two-way (divided with broken lines road marking),Tangent road with flat terrain,Y Shape,Dry,Daylight,Normal,2.0,Going straight,Crossing from nearside - masked by parked or statioNot a Pedestrianry vehicle,Slight Injury
2-5yr,Lorry (41?100Q),other,Tangent road with flat terrain,Other,Dry,Daylight,Normal,3.0,Going straight,Not a Pedestrian,Slight Injury
1-2yr,Motorcycle,Two-way (divided with broken lines road marking),Tangent road with flat terrain,Crossing,Dry,Darkness - lights lit,Normal,2.0,Going straight,Not a Pedestrian,Slight Injury
Below 1yr,Other,Undivided Two way,Tangent road with flat terrain,No junction,Dry,Daylight,Normal,2.0,Other,Not a Pedestrian,Slight Injury
5-10yr,Lorry (41?100Q),Double carriageway (median),Escarpments,Crossing,Dry,Daylight,Normal,,Moving Backward,Not a Pedestrian,Slight Injury
5-10yr,Public (> 45 seats),Undivided Two way,Tangent road with flat terrain,Y Shape,Dry,Daylight,Normal,1.0,Moving Backward,Not a Pedestrian,Serious Injury
5-10yr,,Two-way (divided with broken lines road marking),Tangent road with flat terrain,Y Shape,Dry,Daylight,Normal,2.0,Moving Backward,Not a Pedestrian,Slight Injury
5-10yr,Automobile,Double carriageway (median),Tangent road with flat terrain,Y Shape,Dry,Darkness - lights lit,Normal,3.0,Moving Backward,Not a Pedestrian,Slight Injury
,Other,Undivided Two way,Gentle horizontal curve,No junction,Wet or damp,Darkness - lights lit,Normal,2.0,Entering a junction,Not a Pedestrian,Slight Injury
5-10yr,Lorry (41?100Q),Undivided Two way,Tangent road with flat terrain,,Wet or damp,Darkness - lights lit,Raining,2.0,Going straight,Not a Pedestrian,Slight Injury
2-5yr,Lorry (41?100Q),Undivided Two way,Tangent road with mountainous terrain and,No junction,Dry,Darkness - lights lit,Normal,1.0,Going straight,Unknown or other,Fatal injury
5-10yr,Pick up upto 10Q,Two-way (divided with broken lines road marking),Tangent road with flat terrain,Other,Wet or damp,Daylight,Normal,2.0,Going straight,Not a Pedestrian,Slight Injury
5-10yr,Other,Two-way (divided with broken lines road marking),Sharp reverse curve,No junction,Wet or damp,Daylight,Normal,,Other,Crossing from driver's nearside,Slight Injury
Above 10yr,,other,Tangent road with flat terrain,No junction,Dry,Daylight,Normal,2.0,Going straight,Not a Pedestrian,Slight Injury
2-5yr,Lorry (41?100Q),other,Tangent road with flat terrain,Other,Dry,Daylight,Normal,2.0,Going straight,Not a Pedestrian,Slight Injury
2-5yr,Other,other,Tangent road with flat terrain,No junction,Wet or damp,Darkness - lights lit,Other,,Reversing,Not a Pedestrian,Slight Injury
5-10yr,Public (13?45 seats),One way,Tangent road with flat terrain,No junction,Wet or damp,Darkness - lights lit,Normal,1.0,Unknown,Not a Pedestrian,Serious Injury
1-2yr,Lorry (41?100Q),Undivided Two way,Tangent road with flat terrain,Y Shape,Dry,Daylight,Normal,1.0,Going straight,Not a Pedestrian,Slight Injury
Above 10yr,Automobile,Undivided Two way,Tangent road with flat terrain,No junction,Dry,Daylight,Normal,2.0,Other,Not a Pedestrian,Slight Injury
,Stationwagen,other,Tangent road with flat terrain,No junction,Dry,Daylight,Normal,2.0,Other,Not a Pedestrian,Slight Injury
2-5yr,Pick up upto 10Q,Two-way (divided with broken lines road marking),Tangent road with flat terrain,Y Shape,Dry,Darkness - lights lit,Normal,2.0,Going straight,Not a Pedestrian,Slight Injury
5-10yr,Lorry (41?100Q),Two-way (divided with broken lines road marking),Tangent road with flat terrain,Unknown,Wet or damp,Darkness - lights unlit,Normal,2.0,U-Turn,Not a Pedestrian,Slight Injury
2-5yr,Other,Two-way (divided with broken lines road marking),Tangent road with flat terrain,Y Shape,Dry,Daylight,Normal,2.0,Going straight,Not a Pedestrian,Serious Injury
1-2yr,Pick up upto 10Q,other,Tangent road with mountainous terrain and,No junction,Dry,Daylight,Normal,3.0,Going straight,Not a Pedestrian,Serious Injury
2-5yr,Automobile,Undivided Two way,Tangent road with flat terrain,Crossing,Dry,Daylight,Normal,1.0,Going straight,Not a Pedestrian,Slight Injury
5-10yr,Public (13?45 seats),Two-way (divided with broken lines road marking),Tangent road with mountainous terrain and,No junction,Dry,Darkness - lights lit,Normal,2.0,Moving Backward,Not a Pedestrian,Fatal injury
5-10yr,Lorry (41?100Q),Double carriageway (median),Tangent road with flat terrain,Y Shape,Dry,Daylight,Normal,,Going straight,Not a Pedestrian,Serious Injury
5-10yr,,Two-way (divided with broken lines road marking),Tangent road with flat terrain,Crossing,Dry,Darkness - lights lit,Normal,2.0,Other,Not a Pedestrian,Slight Injury
Above 10yr,Other,Undivided Two way,Tangent road with flat terrain,Y Shape,Dry,Daylight,Unknown,,Going straight,Not a Pedestrian,Slight Injury
1-2yr,Stationwagen,other,Tangent road with flat terrain,Crossing,Dry,Daylight,Normal,2.0,Going straight,Crossing from driver's nearside,Slight Injury
Below 1yr,Automobile,Two-way (divided with broken lines road marking),Tangent road with flat terrain,Crossing,Wet or damp,Darkness - lights lit,Raining,2.0,Turnover,Not a Pedestrian,Slight Injury
Above 10yr,Public (12 seats),Two-way (divided with broken lines road marking),Tangent road with flat terrain,Y Shape,Dry,Daylight,Normal,2.0,Going straight,Not a Pedestrian,Slight Injury
Above 10yr,Pick up upto 10Q,Two-way (divided with broken lines road marking),Tangent road with mountainous terrain and,,Wet or damp,Darkness - lights lit,Raining,1.0,Overtaking,Not a Pedestrian,Slight Injury
2-5yr,Public (13?45 seats),Undivided Two way,Tangent road with mountainous terrain and,Y Shape,Dry,Daylight,Normal,1.0,Going straight,Not a Pedestrian,Slight Injury
Below 1yr,Pick up upto 10Q,Undivided Two way,Tangent road with flat terrain,Other,Wet or damp,Daylight,Snow,2.0,Going straight,Not a Pedestrian,Slight Injury
2-5yr,,other,Tangent road with flat terrain,Crossing,Dry,Daylight,Normal,3.0,Going straight,Not a Pedestrian,Slight Injury
1-2yr,Stationwagen,Undivided Two way,Tangent road with flat terrain,Crossing,Dry,Daylight,Normal,2.0,Going straight,Not a Pedestrian,Slight Injury
1-2yr,Automobile,other,Tangent road with flat terrain,X Shape,Dry,Darkness - lights lit,Normal,2.0,Going straight,Not a Pedestrian,Slight Injury
5-10yr,Other,Undivided Two way,Tangent road with flat terrain,Y Shape,Dry,Daylight,Normal,,Going straight,Not a Pedestrian,Slight Injury
2-5yr,Automobile,Two-way (divided with broken lines road marking),Tangent road with flat terrain,Crossing,Dry,Daylight,Normal,2.0,Going straight,Not a Pedestrian,Slight Injury
5-10yr,Lorry (41?100Q),Two-way (divided with broken lines road marking),Tangent road with flat terrain,No junction,Dry,Daylight,Unknown,2.0,Moving Backward,Not a Pedestrian,Slight Injury
,Lorry (41?100Q),Undivided Two way,Tangent road with flat terrain,Y Shape,Dry,Darkness - lights lit,Normal,2.0,Moving Backward,Not a Pedestrian,Slight Injury
,Public (12 seats),other,Tangent road with flat terrain,Y Shape,Dry,Darkness - lights lit,Normal,2.0,Going straight,Not a Pedestrian,Slight Injury
5-10yr,Other,Undivided Two way,Tangent road with flat terrain,Other,Dry,Daylight,Normal,2.0,Going straight,Not a Pedestrian,Slight Injury
2-5yr,Public (13?45 seats),Double carriageway (median),Gentle horizontal curve,Y Shape,Dry,Daylight,Normal,,Going straight,Not a Pedestrian,Slight Injury
1-2yr,Automobile,Double carriageway (median),Tangent road with flat terrain,Y Shape,Dry,Daylight,Normal,,Going straight,Not a Pedestrian,Slight Injury
Above 10yr,Lorry (41?100Q),Double carriageway (median),Tangent road with flat terrain,,Wet or damp,Darkness - lights lit,Normal,2.0,Going straight,Not a Pedestrian,Slight Injury
Below 1yr,Lorry (41?100Q),other,Tangent road with flat terrain,No junction,Dry,Daylight,Normal,2.0,Going straight,Not a Pedestrian,Slight Injury
5-10yr,Taxi,Undivided Two way,Tangent road with mild grade and flat terrain,Crossing,Dry,Daylight,Normal,1.0,Moving Backward,Not a Pedestrian,Slight Injury
5-10yr,Public (12 seats),Double carriageway (median),Tangent road with flat terrain,Y Shape,Wet or damp,Daylight,Cloudy,1.0,Going straight,Not a Pedestrian,Slight Injury
2-5yr,Automobile,Double carriageway (median),Tangent road with flat terrain,Crossing,Dry,Daylight,Unknown,2.0,Going straight,Not a Pedestrian,Slight Injury
Below 1yr,Pick up upto 10Q,Two-way (divided with broken lines road marking),Tangent road with mild grade and flat terrain,Y Shape,Dry,Daylight,Normal,2.0,Going straight,Not a Pedestrian,Serious Injury
1-2yr,Lorry (11?40Q),Undivided Two way,Tangent road with flat terrain,Crossing,Wet or damp,Darkness - lights lit,Normal,2.0,Going straight,Not a Pedestrian,Serious Injury
2-5yr,Automobile,other,Tangent road with flat terrain,No junction,Dry,Daylight,Normal,,Other,Not a Pedestrian,Slight Injury
2-5yr,Automobile,Two-way (divided with broken lines road marking),Tangent road with flat terrain,Y Shape,Dry,Darkness - lights lit,Normal,,Going straight,Not a Pedestrian,Slight Injury
Above 10yr,Public (13?45 seats),One way,Tangent road with flat terrain,No junction,Dry,Daylight,Normal,2.0,Going straight,Not a Pedestrian,Slight Injury
5-10yr,Lorry (11?40Q),Undivided Two way,Steep grade downward with mountainous terrain,Crossing,Dry,Darkness - no lighting,Cloudy,,Moving Backward,Not a Pedestrian,Slight Injury
1-2yr,Long lorry,Two-way (divided with broken lines road marking),Tangent road with mild grade and flat terrain,No junction,Dry,Daylight,Normal,,Other,Not a Pedestrian,Slight Injury
2-5yr,Lorry (11?40Q),other,Tangent road with flat terrain,No junction,Wet or damp,Darkness - lights lit,Raining,,Reversing,Crossing from driver's nearside,Slight Injury
1-2yr,Automobile,other,Steep grade downward with mountainous terrain,No junction,Wet or damp,Daylight,Raining,2.0,Going straight,Not a Pedestrian,Slight Injury
2-5yr,Public (13?45 seats),Two-way (divided with broken lines road marking),Tangent road with flat terrain,No junction,Dry,Daylight,Normal,2.0,Moving Backward,Not a Pedestrian,Slight Injury
2-5yr,Automobile,other,Tangent road with flat terrain,Y Shape,Dry,Daylight,Normal,2.0,Going straight,Not a Pedestrian,Slight Injury
5-10yr,Automobile,Undivided Two way,Tangent road with flat terrain,Y Shape,Dry,Daylight,Normal,2.0,Going straight,Not a Pedestrian,Serious Injury
Below 1yr,Automobile,Two-way (divided with broken lines road marking),Tangent road with flat terrain,Y Shape,Dry,Daylight,Normal,2.0,Going straight,Not a Pedestrian,Slight Injury
Above 10yr,Other,Two-way (divided with broken lines road marking),Tangent road with flat terrain,No junction,Dry,Darkness - lights lit,Normal,1.0,Entering a junction,Not a Pedestrian,Slight Injury
Below 1yr,Taxi,Two-way (divided with broken lines road marking),Tangent road with flat terrain,Y Shape,Dry,Daylight,Normal,2.0,Going straight,Not a Pedestrian,Slight Injury
Below 1yr,Lorry (11?40Q),One way,Tangent road with flat terrain,Y Shape,Dry,Daylight,Normal,2.0,Going straight,Not a Pedestrian,Slight Injury
1-2yr,Other,Two-way (divided with broken lines road marking),Tangent road with mild grade and flat terrain,No junction,Dry,Daylight,Normal,2.0,Going straight,Not a Pedestrian,Slight Injury
2-5yr,Automobile,Two-way (divided with broken lines road marking),Tangent road with flat terrain,No junction,Dry,Daylight,Normal,2.0,Going straight,Not a Pedestrian,Slight Injury
5-10yr,Lorry (41?100Q),Two-way (divided with broken lines road marking),Tangent road with flat terrain,Crossing,Dry,Daylight,Normal,2.0,Overtaking,Crossing from nearside - masked by parked or statioNot a Pedestrianry vehicle,Slight Injury
Below 1yr,Automobile,Undivided Two way,Tangent road with flat terrain,Y Shape,Dry,Daylight,Normal,1.0,Turnover,Not a Pedestrian,Slight Injury
Above 10yr,Automobile,Undivided Two way,Tangent road with flat terrain,No junction,Wet or damp,Daylight,Normal,,Going straight,Not a Pedestrian,Serious Injury
2-5yr,Lorry (41?100Q),Two-way (divided with broken lines road marking),Tangent road with flat terrain,Y Shape,Wet or damp,Darkness - lights lit,Other,3.0,Other,Not a Pedestrian,Serious Injury
Above 10yr,Ridden horse,Two-way (divided with broken lines road marking),Tangent road with flat terrain,No junction,Wet or damp,Darkness - lights lit,Normal,3.0,Going straight,Not a Pedestrian,Slight Injury
2-5yr,Lorry (11?40Q),One way,Tangent road with flat terrain,No junction,Dry,Daylight,Normal,1.0,Overtaking,Not a Pedestrian,Slight Injury
2-5yr,Automobile,other,Tangent road with flat terrain,Y Shape,Dry,Daylight,Normal,1.0,Moving Backward,Not a Pedestrian,Slight Injury
5-10yr,Automobile,Two-way (divided with broken lines road marking),Tangent road with mild grade and flat terrain,No junction,Dry,Daylight,Normal,,Going straight,Crossing from nearside - masked by parked or statioNot a Pedestrianry vehicle,Slight Injury
5-10yr,Public (13?45 seats),Undivided Two way,Tangent road with flat terrain,Y Shape,Dry,Daylight,Normal,2.0,Going straight,Not a Pedestrian,Slight Injury
2-5yr,Stationwagen,Two-way (divided with broken lines road marking),Tangent road with flat terrain,,Wet or damp,Daylight,Raining,2.0,Going straight,Not a Pedestrian,Slight Injury
5-10yr,Long lorry,Undivided Two way,Tangent road with flat terrain,No junction,Dry,Daylight,Normal,2.0,Other,Not a Pedestrian,Slight Injury
2-5yr,Public (13?45 seats),One way,Tangent road with flat terrain,Y Shape,Dry,Daylight,Normal,2.0,Getting off,Not a Pedestrian,Serious Injury
1-2yr,Automobile,Undivided Two way,Tangent road with flat terrain,Y Shape,Wet or damp,Darkness - no lighting,Normal,2.0,Going straight,Not a Pedestrian,Serious Injury
1-2yr,Taxi,Two-way (divided with broken lines road marking),Tangent road with flat terrain,Y Shape,Wet or damp,Daylight,Other,2.0,Going straight,Not a Pedestrian,Slight Injury
2-5yr,Lorry (41?100Q),Double carriageway (median),Tangent road with flat terrain,No junction,Dry,Daylight,Normal,3.0,Going straight,Not a Pedestrian,Slight Injury
5-10yr,Automobile,Undivided Two way,Tangent road with flat terrain,No junction,Dry,Daylight,Normal,2.0,,Not a Pedestrian,Slight Injury
1-2yr,Ridden horse,other,Tangent road with flat terrain,No junction,Dry,Daylight,Normal,,Other,Not a Pedestrian,Slight Injury
Above 10yr,Automobile,Two-way (divided with broken lines road marking),Tangent road with mild grade and flat terrain,No junction,Wet or damp,Daylight,Raining,2.0,Entering a junction,Not a Pedestrian,Slight Injury
1-2yr,Automobile,other,Tangent road with flat terrain,Other,Dry,Daylight,Normal,2.0,Going straight,Not a Pedestrian,Slight Injury
2-5yr,Pick up upto 10Q,Undivided Two way,Tangent road with flat terrain,Y Shape,Dry,Daylight,Normal,2.0,Reversing,Not a Pedestrian,Slight Injury
5-10yr,Lorry (41?100Q),Two-way (divided with broken lines road marking),Tangent road with flat terrain,Y Shape,Dry,Daylight,Unknown,2.0,Other,Not a Pedestrian,Slight Injury
1-2yr,Lorry (41?100Q),One way,Tangent road with flat terrain,Y Shape,Dry,Daylight,Normal,2.0,Going straight,Not a Pedestrian,Slight Injury
5-10yr,Lorry (41?100Q),Undivided Two way,Tangent road with flat terrain,No junction,Dry,Daylight,Normal,1.0,Going straight,Not a Pedestrian,Slight Injury
2-5yr,Other,Undivided Two way,Tangent road with flat terrain,Y Shape,Dry,Daylight,Normal,2.0,Entering a junction,Not a Pedestrian,Slight Injury
Above 10yr,Lorry (11?40Q),Double carriageway (median),Tangent road with flat terrain,No junction,Dry,Daylight,Normal,2.0,Going straight,Not a Pedestrian,Slight Injury
5-10yr,,Undivided Two way,Tangent road with flat terrain,Y Shape,Snow,Daylight,Snow,3.0,Going straight,Not a Pedestrian,Slight Injury
Above 10yr,Other,Two-way (divided with broken lines road marking),Tangent road with flat terrain,Y Shape,Dry,Daylight,Normal,2.0,Going straight,Not a Pedestrian,Slight Injury
Above 10yr,Pick up upto 10Q,Undivided Two way,Tangent road with flat terrain,Y Shape,Dry,Daylight,Normal,2.0,Moving Backward,Not a Pedestrian,Slight Injury
5-10yr,Public (12 seats),Two-way (divided with broken lines road marking),Tangent road with flat terrain,Y Shape,Dry,Daylight,Normal,2.0,,Not a Pedestrian,Slight Injury
2-5yr,Stationwagen,other,Tangent road with flat terrain,Y Shape,Wet or damp,Darkness - lights lit,Normal,,Going straight,Crossing from nearside - masked by parked or statioNot a Pedestrianry vehicle,Slight Injury
5-10yr,Lorry (41?100Q),Undivided Two way,Steep grade downward with mountainous terrain,Y Shape,Dry,Daylight,Normal,,Going straight,Not a Pedestrian,Slight Injury
,Automobile,other,Tangent road with flat terrain,Crossing,Dry,Darkness - no lighting,Normal,1.0,Going straight,Not a Pedestrian,Slight Injury
5-10yr,Public (12 seats),Undivided Two way,Tangent road with flat terrain,No junction,Dry,Daylight,Normal,2.0,Going straight,Not a Pedestrian,Slight Injury
,Long lorry,Two-way (divided with broken lines road marking),Tangent road with flat terrain,Y Shape,Dry,Darkness - lights lit,Normal,2.0,Going straight,Not a Pedestrian,Slight Injury
Above 10yr,Public (12 seats),Two-way (divided with broken lines road marking),Tangent road with flat terrain,Y Shape,Wet or damp,Darkness - lights lit,Normal,2.0,Going straight,Not a Pedestrian,Slight Injury
2-5yr,Public (12 seats),Undivided Two way,Tangent road with flat terrain,Crossing,Dry,Daylight,Normal,,Going straight,Not a Pedestrian,Slight Injury
Above 10yr,Public (12 seats),Two-way (divided with broken lines road marking),Tangent road with mountainous terrain and,Y Shape,Dry,Daylight,Normal,2.0,Going straight,Crossing from nearside - masked by parked or statioNot a Pedestrianry vehicle,Slight Injury
5-10yr,Lorry (41?100Q),Undivided Two way,Tangent road with flat terrain,No junction,Wet or damp,Darkness - lights lit,Raining,2.0,,Not a Pedestrian,Slight Injury
2-5yr,Public (12 seats),,Tangent road with flat terrain,Crossing,Dry,Darkness - lights lit,Normal,3.0,Going straight,Not a Pedestrian,Slight Injury
1-2yr,Lorry (41?100Q),Two-way (divided with broken lines road marking),Tangent road with flat terrain,No junction,Wet or damp,Daylight,Raining,2.0,Reversing,Not a Pedestrian,Fatal injury
Above 10yr,Lorry (41?100Q),Undivided Two way,Tangent road with flat terrain,Unknown,Dry,Daylight,Normal,1.0,Going straight,Not a Pedestrian,Serious Injury
5-10yr,Automobile,Double carriageway (median),Tangent road with flat terrain,No junction,Dry,Darkness - lights lit,Normal,1.0,Going straight,Not a Pedestrian,Slight Injury
2-5yr,Lorry (41?100Q),One way,Tangent road with flat terrain,Crossing,Dry,Darkness - lights lit,Normal,,Going straight,Not a Pedestrian,Slight Injury
5-10yr,Automobile,Undivided Two way,Tangent road with flat terrain,Y Shape,Wet or damp,Darkness - lights lit,Normal,1.0,Going straight,Not a Pedestrian,Slight Injury
2-5yr,Long lorry,Two-way (divided with broken lines road marking),Tangent road with flat terrain,,Dry,Darkness - lights lit,Normal,1.0,,Not a Pedestrian,Fatal injury
Above 10yr,,Undivided Two way,Tangent road with flat terrain,No junction,Dry,Daylight,Normal,2.0,Going straight,Not a Pedestrian,Slight Injury
2-5yr,Pick up upto 10Q,Two-way (divided with broken lines road marking),Tangent road with flat terrain,Crossing,Wet or damp,Darkness - lights lit,Cloudy,2.0,Going straight,Not a Pedestrian,Slight Injury
2-5yr,Public (13?45 seats),other,Tangent road with flat terrain,Y Shape,Dry,Daylight,Normal,,Going straight,Not a Pedestrian,Slight Injury
Below 1yr,Automobile,Two-way (divided with broken lines road marking),Tangent road with flat terrain,No junction,Dry,Darkness - lights lit,Normal,2.0,Going straight,Not a Pedestrian,Slight Injury
Above 10yr,Automobile,Double carriageway (median),Tangent road with flat terrain,Y Shape,Dry,Darkness - lights lit,Normal,2.0,Going straight,Not a Pedestrian,Slight Injury
5-10yr,Other,One way,Tangent road with flat terrain,Y Shape,Dry,Darkness - lights lit,Normal,2.0,Going straight,Not a Pedestrian,Slight Injury
5-10yr,Other,One way,Tangent road with flat terrain,Y Shape,Dry,Daylight,Normal,2.0,Going straight,Not a Pedestrian,Slight Injury
1-2yr,Pick up upto 10Q,Undivided Two way,Tangent road with flat terrain,No junction,Dry,Daylight,Normal,1.0,Going straight,Not a Pedestrian,Fatal injury
Above 10yr,Automobile,Two-way (divided with broken lines road marking),Tangent road with flat terrain,Other,Dry,Darkness - lights lit,Normal,2.0,Going straight,Not a Pedestrian,Slight Injury
Above 10yr,Automobile,other,Tangent road with flat terrain,No junction,Dry,Daylight,Normal,3.0,Going straight,Not a Pedestrian,Slight Injury
Below 1yr,Taxi,One way,Tangent road with flat terrain,Y Shape,Dry,Daylight,Normal,2.0,,Not a Pedestrian,Serious Injury
2-5yr,Taxi,Two-way (divided with solid lines road marking),Tangent road with flat terrain,No junction,Dry,Darkness - lights lit,Normal,2.0,Going straight,Crossing from nearside - masked by parked or statioNot a Pedestrianry vehicle,Slight Injury
Below 1yr,Other,Undivided Two way,Tangent road with flat terrain,No junction,Dry,Daylight,Normal,1.0,Moving Backward,Not a Pedestrian,Slight Injury
Above 10yr,Lorry (41?100Q),Two-way (divided with broken lines road marking),Tangent road with flat terrain,No junction,Dry,Daylight,Normal,2.0,Going straight,Not a Pedestrian,Slight Injury
5-10yr,Lorry (41?100Q),Undivided Two way,Tangent road with flat terrain,Crossing,Dry,Darkness - lights lit,Normal,,Going straight,Not a Pedestrian,Slight Injury
2-5yr,Automobile,Double carriageway (median),Tangent road with flat terrain,No junction,Dry,Daylight,Normal,3.0,Going straight,Not a Pedestrian,Slight Injury
5-10yr,Public (12 seats),Double carriageway (median),Tangent road with flat terrain,Y Shape,Dry,Darkness - lights lit,Normal,2.0,Going straight,Not a Pedestrian,Slight Injury