driving_experience,type_of_vehicle,lanes_or_medians,road_allignment,types_of_junction,road_surface_conditions,light_conditions,weather_conditions,number_of_vehicles_involved,vehicle_movement,pedestrian_movement,accident_severity
5-10yr,Stationwagen,Undivided Two way,Tangent road with flat terrain,Y Shape,Wet or damp,Darkness - lights lit,Raining,,Going straight,Not a Pedestrian,Serious Injury
5-10yr,Other,Undivided Two way,Tangent road with flat terrain,No junction,Dry,Daylight,Normal,2.0,Going straight,Not a Pedestrian,Slight Injury
2-5yr,Automobile,Two-way (divided with solid lines road marking),Tangent road with flat terrain,Y Shape,Dry,Daylight,Normal,2.0,Going straight,"In carriageway, statioNot a Pedestrianry - not crossing (standing or playing)",Slight Injury
5-10yr,Automobile,other,Tangent road with flat terrain,No junction,Dry,Daylight,Normal,3.0,Turnover,Not a Pedestrian,Slight Injury
5-10yr,Automobile,Double carriageway (median),Tangent road with flat terrain,No junction,Dry,Daylight,Normal,2.0,,Not a Pedestrian,Slight Injury
1-2yr,Other,Double carriageway (median),Tangent road with mild grade and flat terrain,O Shape,Dry,Darkness - lights lit,Normal,2.0,Going straight,Not a Pedestrian,Slight Injury
1-2yr,Other,Undivided Two way,Tangent road with flat terrain,No junction,Dry,Daylight,Normal,2.0,Turnover,Not a Pedestrian,Slight Injury
Below 1yr,Other,One way,Tangent road with flat terrain,No junction,Dry,Daylight,Normal,2.0,Going straight,Not a Pedestrian,Slight Injury
Above 10yr,Pick up upto 10Q,One way,Tangent road with flat terrain,No junction,Dry,Daylight,Normal,,Going straight,Not a Pedestrian,Slight Injury
2-5yr,Lorry (41?100Q),Two-way (divided with broken lines road marking),,Y Shape,Dry,Darkness - lights lit,Normal,1.0,Going straight,Not a Pedestrian,Fatal injury
2-5yr,Automobile,other,Tangent road with flat terrain,Y Shape,Dry,Darkness - lights lit,Normal,1.0,Going straight,Not a Pedestrian,Serious Injury
5-10yr,Public (13?45 seats),Two-way (divided with broken lines road marking),Tangent road with flat terrain,Y Shape,Dry,Daylight,Normal,2.0,Going straight,Unknown or other,Slight Injury
5-10yr,Automobile,Two-way (divided with broken lines road marking),Tangent road with flat terrain,Y Shape,Dry,Daylight,Normal,1.0,,Not a Pedestrian,Slight Injury
2-5yr,Other,Two-way (divided with broken lines road marking),Gentle horizontal curve,Other,Dry,Darkness - lights lit,Normal,3.0,Going straight,Not a Pedestrian,Slight Injury
5-10yr,Public (13?45 seats),other,Tangent road with flat terrain,Y Shape,Dry,Daylight,Normal,2.0,Going straight,Not a Pedestrian,Slight Injury
5-10yr,Automobile,Double carriageway (median),Tangent road with flat terrain,No junction,Dry,Daylight,Normal,,Reversing,Not a Pedestrian,Fatal injury
5-10yr,Lorry (41?100Q),Undivided Two way,Tangent road with flat terrain,No junction,Wet or damp,Darkness - lights lit,Normal,2.0,Going straight,Not a Pedestrian,Serious Injury
Below 1yr,Public (12 seats),,,No junction,Wet or damp,Daylight,Normal,2.0,Reversing,Not a Pedestrian,Serious Injury
Below 1yr,Pick up upto 10Q,Two-way (divided with broken lines road marking),Tangent road with flat terrain,Unknown,Dry,Daylight,Normal,2.0,,Crossing from nearside - masked by parked or statioNot a Pedestrianry vehicle,Slight Injury
Above 10yr,Lorry (41?100Q),Undivided Two way,Tangent road with flat terrain,Y Shape,Wet or damp,Daylight,Raining,2.0,Going straight,Not a Pedestrian,Slight Injury
5-10yr,Pick up upto 10Q,Two-way (divided with broken lines road marking),Tangent road with flat terrain,Crossing,Dry,Daylight,Normal,2.0,Going straight,Not a Pedestrian,Slight Injury
1-2yr,Automobile,Undivided Two way,Tangent road with flat terrain,Y Shape,Dry,Daylight,Normal,2.0,Going straight,Not a Pedestrian,Slight Injury
2-5yr,Public (> 45 seats),One way,Tangent road with flat terrain,Y Shape,Wet or damp,Daylight,Raining,2.0,U-Turn,Not a Pedestrian,Slight Injury
Above 10yr,Automobile,Undivided Two way,Tangent road with flat terrain,Crossing,Dry,Darkness - lights lit,Unknown,2.0,Going straight,Not a Pedestrian,Slight Injury
Above 10yr,Public (13?45 seats),Undivided Two way,Tangent road with flat terrain,No junction,Wet or damp,Daylight,Normal,1.0,Going straight,Not a Pedestrian,Slight Injury
5-10yr,Lorry (11?40Q),One way,Tangent road with flat terrain,No junction,Dry,Daylight,Normal,3.0,Going straight,Not a Pedestrian,Slight Injury
5-10yr,Public (> 45 seats),Two-way (divided with broken lines road marking),Tangent road with flat terrain,No junction,Dry,Darkness - lights lit,Normal,1.0,Going straight,Not a Pedestrian,Slight Injury
5-10yr,Automobile,Two-way (divided with broken lines road marking),Tangent road with flat terrain,Y Shape,Dry,Daylight,Normal,2.0,Going straight,Not a Pedestrian,Serious Injury
Below 1yr,Automobile,Undivided Two way,Tangent road with flat terrain,No junction,Wet or damp,Daylight,Raining,1.0,Going straight,Not a Pedestrian,Slight Injury
1-2yr,Public (> 45 seats),Two-way (divided with broken lines road marking),Tangent road with flat terrain,No junction,Dry,Daylight,Normal,2.0,Turnover,Not a Pedestrian,Slight Injury
5-10yr,Pick up upto 10Q,Undivided Two way,Tangent road with flat terrain,Crossing,Dry,Darkness - lights lit,Normal,1.0,Other,Not a Pedestrian,Serious Injury
1-2yr,Automobile,Two-way (divided with broken lines road marking),Tangent road with flat terrain,Crossing,Dry,Darkness - no lighting,Normal,2.0,Going straight,Not a Pedestrian,Slight Injury
5-10yr,Lorry (11?40Q),Two-way (divided with broken lines road marking),Tangent road with mountainous terrain and,Crossing,Dry,Darkness - lights lit,Normal,2.0,Reversing,Not a Pedestrian,Slight Injury
,Lorry (11?40Q),Undivided Two way,Tangent road with flat terrain,Crossing,Dry,Darkness - lights lit,Raining and Windy,2.0,Going straight,Not a Pedestrian,Slight Injury
2-5yr,Lorry (41?100Q),Two-way (divided with broken lines road marking),Tangent road with flat terrain,Crossing,Dry,Daylight,Normal,2.0,Moving Backward,"In carriageway, statioNot a Pedestrianry - not crossing (standing or playing)",Slight Injury
Above 10yr,Public (> 45 seats),Double carriageway (median),Tangent road with flat terrain,Y Shape,Dry,Daylight,Normal,2.0,Going straight,Not a Pedestrian,Slight Injury
5-10yr,Pick up upto 10Q,Undivided Two way,Gentle horizontal curve,No junction,Dry,Daylight,Normal,3.0,Going straight,Not a Pedestrian,Slight Injury
5-10yr,Taxi,other,Tangent road with flat terrain,Crossing,Wet or damp,Daylight,Raining,,Going straight,Not a Pedestrian,Slight Injury
Above 10yr,Public (> 45 seats),Two-way (divided with broken lines road marking),Tangent road with flat terrain,No junction,Dry,Darkness - lights lit,Normal,,Going straight,Not a Pedestrian,Slight Injury
5-10yr,Pick up upto 10Q,Double carriageway (median),Tangent road with flat terrain,Crossing,Dry,Daylight,Normal,2.0,Going straight,Not a Pedestrian,Slight Injury
5-10yr,Public (13?45 seats),other,Tangent road with flat terrain,No junction,Dry,Darkness - lights lit,Normal,1.0,Going straight,Not a Pedestrian,Fatal injury
1-2yr,Automobile,other,Tangent road with mountainous terrain and,No junction,Dry,Daylight,Normal,2.0,Going straight,Crossing from nearside - masked by parked or statioNot a Pedestrianry vehicle,Slight Injury
1-2yr,Automobile,Two-way (divided with broken lines road marking),Tangent road with flat terrain,No junction,Dry,Darkness - lights lit,Normal,2.0,Reversing,Not a Pedestrian,Slight Injury
5-10yr,Automobile,Undivided Two way,Tangent road with flat terrain,Y Shape,Dry,Daylight,Normal,2.0,Going straight,Not a Pedestrian,Serious Injury
2-5yr,,Undivided Two way,Tangent road with flat terrain,Other,Dry,Daylight,Normal,2.0,Moving Backward,Not a Pedestrian,Slight Injury
5-10yr,Lorry (11?40Q),Undivided Two way,Tangent road with flat terrain,Crossing,Dry,Daylight,Normal,2.0,Moving Backward,Not a Pedestrian,Slight Injury
5-10yr,,Undivided Two way,Tangent road with flat terrain,Y Shape,Dry,Daylight,Normal,2.0,Going straight,Not a Pedestrian,Slight Injury
2-5yr,Lorry (11?40Q),Undivided Two way,Tangent road with mild grade and flat terrain,No junction,Wet or damp,Darkness - lights lit,Normal,2.0,Going straight,Not a Pedestrian,Slight Injury
Above 10yr,Lorry (41?100Q),Two-way (divided with broken lines road marking),Tangent road with flat terrain,Crossing,Dry,Daylight,Normal,2.0,Other,Not a Pedestrian,Slight Injury
5-10yr,Other,Two-way (divided with solid lines road marking),Tangent road with flat terrain,Y Shape,Dry,Daylight,Normal,,Overtaking,Not a Pedestrian,Slight Injury
2-5yr,Public (12 seats),Double carriageway (median),Tangent road with flat terrain,T Shape,Dry,Daylight,Unknown,2.0,Going straight,Not a Pedestrian,Serious Injury
5-10yr,Public (12 seats),other,Tangent road with flat terrain,No junction,Wet or damp,Darkness - lights lit,Raining,1.0,Going straight,Not a Pedestrian,Slight Injury
2-5yr,Lorry (41?100Q),Two-way (divided with broken lines road marking),Tangent road with flat terrain,Y Shape,Dry,Daylight,Normal,,Going straight,Not a Pedestrian,Slight Injury
1-2yr,Lorry (41?100Q),other,Tangent road with flat terrain,Y Shape,Dry,Daylight,Normal,2.0,Going straight,Not a Pedestrian,Slight Injury
Above 10yr,Taxi,other,Tangent road with flat terrain,No junction,Wet or damp,Daylight,Raining,2.0,Going straight,"In carriageway, statioNot a Pedestrianry - not crossing (standing or playing) - masked by parked or statioNot a Pedestrianry vehicle",Slight Injury
Below 1yr,Public (12 seats),Two-way (divided with broken lines road marking),Tangent road with flat terrain,Crossing,Wet or damp,Daylight,Windy,2.0,Going straight,Not a Pedestrian,Slight Injury
Above 10yr,Lorry (41?100Q),Undivided Two way,Tangent road with flat terrain,Y Shape,Dry,Daylight,Normal,2.0,Other,Not a Pedestrian,Slight Injury
5-10yr,Automobile,Double carriageway (median),Tangent road with flat terrain,Y Shape,Dry,Daylight,Normal,1.0,Going straight,Not a Pedestrian,Slight Injury
2-5yr,Pick up upto 10Q,Double carriageway (median),Tangent road with flat terrain,Crossing,Dry,Daylight,Normal,2.0,Moving Backward,Unknown or other,Slight Injury
2-5yr,Lorry (41?100Q),Two-way (divided with broken lines road marking),Tangent road with flat terrain,Other,Dry,Daylight,Normal,2.0,Going straight,Not a Pedestrian,Slight Injury
,Lorry (41?100Q),Two-way (divided with broken lines road marking),Tangent road with flat terrain,X Shape,Dry,Daylight,Normal,2.0,Going straight,Not a Pedestrian,Slight Injury
Above 10yr,,other,Tangent road with flat terrain,No junction,Dry,Daylight,Normal,2.0,Moving Backward,Not a Pedestrian,Serious Injury
1-2yr,Motorcycle,Double carriageway (median),Tangent road with flat terrain,Y Shape,Dry,Daylight,Normal,2.0,Moving Backward,Not a Pedestrian,Slight Injury
Below 1yr,Pick up upto 10Q,Two-way (divided with broken lines road marking),Tangent road with mild grade and flat terrain,Y Shape,Dry,Daylight,Normal,3.0,Going straight,Unknown or other,Slight Injury
Below 1yr,Automobile,other,Tangent road with flat terrain,No junction,Dry,Daylight,Unknown,,Going straight,Not a Pedestrian,Slight Injury
2-5yr,Automobile,Two-way (divided with broken lines road marking),Tangent road with flat terrain,No junction,Dry,Daylight,Normal,2.0,Going straight,Crossing from nearside - masked by parked or statioNot a Pedestrianry vehicle,Serious Injury
Above 10yr,Automobile,Two-way (divided with broken lines road marking),Tangent road with flat terrain,Other,Dry,Daylight,Normal,2.0,Going straight,Not a Pedestrian,Slight Injury
1-2yr,Stationwagen,Undivided Two way,Tangent road with flat terrain,Y Shape,Dry,Daylight,Normal,2.0,Going straight,Not a Pedestrian,Slight Injury
Above 10yr,Public (12 seats),Undivided Two way,Tangent road with flat terrain,Y Shape,Dry,Daylight,Normal,,Going straight,Not a Pedestrian,Slight Injury
,Other,One way,Tangent road with flat terrain,No junction,Dry,Daylight,Normal,2.0,Turnover,Unknown or other,Slight Injury
Below 1yr,Lorry (11?40Q),Undivided Two way,Tangent road with flat terrain,Y Shape,Dry,Daylight,Normal,3.0,Going straight,Not a Pedestrian,Slight Injury
1-2yr,Lorry (41?100Q),One way,Tangent road with flat terrain,Y Shape,Dry,Daylight,Normal,2.0,Going straight,Not a Pedestrian,Slight Injury
1-2yr,Public (13?45 seats),Undivided Two way,Tangent road with flat terrain,No junction,Dry,Darkness - lights lit,Normal,4.0,Going straight,Not a Pedestrian,Slight Injury
2-5yr,Public (12 seats),Double carriageway (median),Tangent road with flat terrain,No junction,Dry,Daylight,Normal,2.0,Going straight,Not a Pedestrian,Slight Injury
5-10yr,Motorcycle,Two-way (divided with solid lines road marking),Tangent road with flat terrain,No junction,Dry,Daylight,Normal,,Going straight,Not a Pedestrian,Slight Injury
2-5yr,Taxi,other,Tangent road with rolling terrain,Y Shape,Wet or damp,Daylight,Normal,2.0,Going straight,Not a Pedestrian,Slight Injury
5-10yr,Other,Undivided Two way,Tangent road with flat terrain,Y Shape,Dry,Daylight,Normal,2.0,Going straight,Not a Pedestrian,Slight Injury
5-10yr,Lorry (41?100Q),Two-way (divided with broken lines road marking),Tangent road with flat terrain,Y Shape,Dry,Daylight,Normal,2.0,Going straight,Not a Pedestrian,Slight Injury
1-2yr,Public (12 seats),Double carriageway (median),Tangent road with flat terrain,Y Shape,Dry,Darkness - lights lit,Normal,1.0,Going straight,Not a Pedestrian,Fatal injury
Below 1yr,Other,Double carriageway (median),Tangent road with flat terrain,Crossing,Dry,Darkness - lights lit,Normal,2.0,Moving Backward,Not a Pedestrian,Slight Injury
Above 10yr,Lorry (41?100Q),Undivided Two way,Tangent road with flat terrain,No junction,Dry,Daylight,Normal,2.0,Going straight,Not a Pedestrian,Slight Injury
5-10yr,Automobile,other,Tangent road with flat terrain,Y Shape,Dry,Daylight,Normal,,Going straight,Not a Pedestrian,Slight Injury
2-5yr,Automobile,Undivided Two way,Tangent road with flat terrain,No junction,Dry,Daylight,Normal,2.0,Moving Backward,Not a Pedestrian,Slight Injury
Below 1yr,Automobile,One way,Tangent road with flat terrain,Unknown,Dry,Daylight,Normal,4.0,Going straight,Not a Pedestrian,Slight Injury
Below 1yr,Automobile,Two-way (divided with broken lines road marking),Tangent road with flat terrain,Other,Dry,Daylight,Normal,,Going straight,Not a Pedestrian,Serious Injury
5-10yr,Automobile,Two-way (divided with broken lines road marking),Tangent road with flat terrain,No junction,Dry,Daylight,Normal,2.0,Moving Backward,Not a Pedestrian,Slight Injury
1-2yr,Automobile,Two-way (divided with broken lines road marking),Steep grade downward with mountainous terrain,No junction,Dry,Darkness - lights lit,Normal,,Going straight,Unknown or other,Slight Injury
1-2yr,Lorry (41?100Q),Undivided Two way,Steep grade downward with mountainous terrain,,Dry,Daylight,Normal,2.0,Reversing,Not a Pedestrian,Slight Injury
5-10yr,Taxi,Undivided Two way,Tangent road with mountainous terrain and,T Shape,Dry,Daylight,Normal,2.0,Going straight,Not a Pedestrian,Slight Injury
,Lorry (41?100Q),other,Steep grade downward with mountainous terrain,,Dry,Daylight,Normal,2.0,Entering a junction,Not a Pedestrian,Slight Injury
1-2yr,Lorry (41?100Q),other,Tangent road with flat terrain,Other,Wet or damp,Daylight,Raining,2.0,Going straight,Not a Pedestrian,Slight Injury
5-10yr,Stationwagen,Two-way (divided with broken lines road marking),Tangent road with flat terrain,Y Shape,Dry,Daylight,Normal,,Other,Not a Pedestrian,Slight Injury
5-10yr,Public (13?45 seats),Two-way (divided with broken lines road marking),Tangent road with flat terrain,Crossing,Dry,Darkness - lights lit,Normal,2.0,Going straight,Not a Pedestrian,Slight Injury
5-10yr,Lorry (41?100Q),other,Tangent road with flat terrain,Crossing,Wet or damp,Daylight,Raining,,Going straight,Not a Pedestrian,Slight Injury
5-10yr,Turbo,Undivided Two way,Tangent road with flat terrain,Y Shape,Dry,Daylight,Normal,2.0,Going straight,Not a Pedestrian,Slight Injury
2-5yr,Special vehicle,Two-way (divided with broken lines road marking),Tangent road with flat terrain,No junction,Dry,Daylight,Normal,3.0,Other,Not a Pedestrian,Slight Injury
Below 1yr,Stationwagen,Two-way (divided with broken lines road marking),Tangent road with flat terrain,Y Shape,Dry,Daylight,Normal,2.0,Reversing,Not a Pedestrian,Slight Injury
Above 10yr,Public (13?45 seats),Undivided Two way,Tangent road with flat terrain,Y Shape,Dry,Daylight,Normal,,Going straight,Not a Pedestrian,Slight Injury
1-2yr,Lorry (41?100Q),Undivided Two way,Tangent road with flat terrain,Crossing,Wet or damp,Darkness - lights lit,Raining,2.0,Going straight,Not a Pedestrian,Slight Injury
,Automobile,Two-way (divided with broken lines road marking),Tangent road with flat terrain,,Dry,Darkness - lights lit,Normal,2.0,Getting off,Not a Pedestrian,Slight Injury
5-10yr,Public (13?45 seats),Two-way (divided with broken lines road marking),Tangent road with flat terrain,Y Shape,Dry,Daylight,Normal,,Going straight,Not a Pedestrian,Serious Injury
Above 10yr,Lorry (41?100Q),Undivided Two way,Tangent road with flat terrain,Y Shape,Wet or damp,Darkness - lights lit,Windy,2.0,Going straight,Not a Pedestrian,Slight Injury
1-2yr,Public (> 45 seats),Undivided Two way,Tangent road with flat terrain,Y Shape,Dry,Daylight,Normal,3.0,Going straight,Not a Pedestrian,Slight Injury
2-5yr,Lorry (11?40Q),Undivided Two way,Gentle horizontal curve,No junction,Dry,Daylight,Normal,2.0,Going straight,Not a Pedestrian,Slight Injury
1-2yr,Motorcycle,Two-way (divided with broken lines road marking),Tangent road with flat terrain,Y Shape,Dry,Darkness - lights lit,Normal,1.0,Getting off,Not a Pedestrian,Slight Injury
5-10yr,Public (> 45 seats),Undivided Two way,Tangent road with flat terrain,Y Shape,Dry,Daylight,Normal,2.0,Going straight,Unknown or other,Slight Injury
Below 1yr,Automobile,Two-way (divided with broken lines road marking),Tangent road with flat terrain,No junction,Wet or damp,Daylight,Normal,,Turnover,Not a Pedestrian,Slight Injury
,Other,other,Tangent road with flat terrain,No junction,Dry,Daylight,Normal,3.0,Going straight,Not a Pedestrian,Slight Injury
5-10yr,,Two-way (divided with broken lines road marking),Tangent road with flat terrain,Y Shape,Dry,Daylight,Normal,1.0,Going straight,Not a Pedestrian,Slight Injury
Above 10yr,Lorry (11?40Q),Undivided Two way,Tangent road with flat terrain,Y Shape,Dry,Darkness - lights lit,Normal,2.0,Going straight,Not a Pedestrian,Slight Injury
2-5yr,,Unknown,Tangent road with flat terrain,No junction,Wet or damp,Daylight,Raining,2.0,Going straight,Not a Pedestrian,Slight Injury
Below 1yr,Other,Two-way (divided with broken lines road marking),Gentle horizontal curve,T Shape,Dry,Darkness - lights lit,Normal,,Other,Not a Pedestrian,Slight Injury
5-10yr,Lorry (41?100Q),Undivided Two way,Tangent road with flat terrain,No junction,Wet or damp,Daylight,Raining,2.0,Reversing,Not a Pedestrian,Slight Injury
No Licence,Lorry (41?100Q),Two-way (divided with broken lines road marking),Tangent road with flat terrain,Y Shape,Dry,Daylight,Normal,2.0,Reversing,Not a Pedestrian,Slight Injury
5-10yr,Lorry (41?100Q),other,Tangent road with flat terrain,Y Shape,Dry,Daylight,Normal,2.0,Going straight,Not a Pedestrian,Slight Injury
,Lorry (41?100Q),other,Steep grade downward with mountainous terrain,Y Shape,Wet or damp,Daylight,Normal,2.0,Going straight,Not a Pedestrian,Slight Injury
1-2yr,Taxi,One way,Tangent road with flat terrain,No junction,Dry,Daylight,Normal,3.0,Going straight,Not a Pedestrian,Slight Injury
Above 10yr,Lorry (11?40Q),Two-way (divided with broken lines road marking),Escarpments,Y Shape,Dry,Daylight,Normal,2.0,Going straight,Not a Pedestrian,Serious Injury
2-5yr,Lorry (41?100Q),Undivided Two way,Tangent road with flat terrain,Y Shape,Dry,Daylight,Normal,2.0,Going straight,"Walking along in carriageway, back to traffic",Slight Injury
,Automobile,Undivided Two way,Tangent road with flat terrain,Y Shape,Dry,Daylight,Normal,2.0,Moving Backward,Not a Pedestrian,Slight Injury
1-2yr,Lorry (41?100Q),Two-way (divided with broken lines road marking),Tangent road with flat terrain,Crossing,Wet or damp,Darkness - lights lit,Normal,2.0,Going straight,Not a Pedestrian,Serious Injury
Above 10yr,Long lorry,Two-way (divided with broken lines road marking),Tangent road with flat terrain,No junction,Dry,Daylight,Normal,2.0,Going straight,Not a Pedestrian,Slight Injury
Below 1yr,Stationwagen,other,Steep grade downward with mountainous terrain,No junction,Dry,Darkness - lights lit,Normal,1.0,Reversing,Not a Pedestrian,Slight Injury
Above 10yr,Bajaj,Two-way (divided with broken lines road marking),Tangent road with mild grade and flat terrain,Y Shape,Dry,Darkness - lights lit,Normal,,Going straight,Not a Pedestrian,Slight Injury
5-10yr,,Undivided Two way,Tangent road with flat terrain,No junction,Wet or damp,Darkness - lights lit,Normal,2.0,Going straight,Not a Pedestrian,Serious Injury
2-5yr,Lorry (41?100Q),Undivided Two way,Tangent road with flat terrain,No junction,Dry,Daylight,Normal,1.0,Going straight,Unknown or other,Serious Injury
2-5yr,,Two-way (divided with broken lines road marking),Tangent road with flat terrain,No junction,Dry,Daylight,Normal,2.0,Going straight,Not a Pedestrian,Slight Injury
2-5yr,Automobile,,Tangent road with flat terrain,Y Shape,Wet or damp,Daylight,Raining,1.0,Going straight,Not a Pedestrian,Slight Injury
Above 10yr,Automobile,Two-way (divided with broken lines road marking),Tangent road with mild grade and flat terrain,Y Shape,Wet or damp,Darkness - lights lit,Raining,2.0,Going straight,Not a Pedestrian,Slight Injury
Below 1yr,Automobile,Undivided Two way,Tangent road with mountainous terrain and,Crossing,Snow,Daylight,Snow,,Going straight,Not a Pedestrian,Slight Injury
5-10yr,Automobile,other,Tangent road with rolling terrain,No junction,Dry,Darkness - lights lit,Normal,,Going straight,Not a Pedestrian,Slight Injury
2-5yr,Long lorry,Two-way (divided with broken lines road marking),Tangent road with flat terrain,Y Shape,Dry,Daylight,Normal,2.0,Going straight,Not a Pedestrian,Slight Injury
5-10yr,Public (13?45 seats),Double carriageway (median),Tangent road with flat terrain,No junction,Wet or damp,Daylight,Raining,,Moving Backward,Not a Pedestrian,Slight Injury
5-10yr,Pick up upto 10Q,other,Tangent road with flat terrain,No junction,Dry,Darkness - lights lit,Normal,4.0,Going straight,Not a Pedestrian,Serious Injury
Below 1yr,Public (13?45 seats),other,Tangent road with flat terrain,,Dry,Daylight,Normal,3.0,Going straight,Not a Pedestrian,Slight Injury
1-2yr,Automobile,Undivided Two way,Tangent road with flat terrain,No junction,Dry,Darkness - no lighting,Normal,2.0,Going straight,Not a Pedestrian,Slight Injury
5-10yr,Motorcycle,Two-way (divided with broken lines road marking),Steep grade downward with mountainous terrain,Crossing,Dry,Daylight,Normal,2.0,Going straight,"In carriageway, statioNot a Pedestrianry - not crossing (standing or playing)",Slight Injury
,Lorry (41?100Q),Two-way (divided with broken lines road marking),Tangent road with flat terrain,Y Shape,Dry,Daylight,Normal,3.0,Going straight,Not a Pedestrian,Slight Injury
Above 10yr,Automobile,Undivided Two way,Tangent road with flat terrain,Y Shape,Dry,Daylight,Normal,2.0,Waiting to go,Not a Pedestrian,Slight Injury
Above 10yr,Pick up upto 10Q,Two-way (divided with broken lines road marking),Tangent road with flat terrain,No junction,Dry,Daylight,Normal,2.0,Going straight,Not a Pedestrian,Serious Injury
Above 10yr,Special vehicle,Double carriageway (median),Tangent road with flat terrain,Y Shape,Wet or damp,Daylight,Raining,2.0,Going straight,Not a Pedestrian,Slight Injury
5-10yr,Automobile,Two-way (divided with broken lines road marking),Tangent road with flat terrain,No junction,Wet or damp,Darkness - no lighting,Windy,2.0,Getting off,Not a Pedestrian,Slight Injury
Above 10yr,Public (13?45 seats),Undivided Two way,Tangent road with flat terrain,Y Shape,Dry,Daylight,Normal,2.0,Going straight,Not a Pedestrian,Slight Injury
Below 1yr,Stationwagen,Undivided Two way,Tangent road with flat terrain,Crossing,Dry,Daylight,Normal,2.0,Going straight,Crossing from nearside - masked by parked or statioNot a Pedestrianry vehicle,Slight Injury
1-2yr,Public (13?45 seats),Two-way (divided with broken lines road marking),Tangent road with flat terrain,Y Shape,Dry,Darkness - lights lit,Normal,2.0,Moving Backward,Unknown or other,Slight Injury
,Bicycle,Undivided Two way,Tangent road with flat terrain,No junction,Dry,Daylight,Normal,3.0,Other,Not a Pedestrian,Slight Injury
1-2yr,Lorry (41?100Q),Double carriageway (median),Tangent road with flat terrain,Crossing,Dry,Darkness - no lighting,Cloudy,2.0,Going straight,Not a Pedestrian,Slight Injury
5-10yr,Automobile,Two-way (divided with broken lines road marking),Tangent road with flat terrain,No junction,Dry,Daylight,Normal,2.0,Getting off,Not a Pedestrian,Slight Injury
,Public (12 seats),Two-way (divided with broken lines road marking),Tangent road with flat terrain,No junction,Dry,Darkness - lights lit,Other,2.0,Reversing,Not a Pedestrian,Slight Injury
1-2yr,Motorcycle,Undivided Two way,Tangent road with flat terrain,Y Shape,Dry,Daylight,Normal,2.0,Going straight,Not a Pedestrian,Slight Injury
2-5yr,Lorry (41?100Q),Double carriageway (median),Tangent road with flat terrain,O Shape,Dry,Daylight,Normal,2.0,Going straight,Not a Pedestrian,Serious Injury
Below 1yr,Lorry (41?100Q),Undivided Two way,Tangent road with flat terrain,Unknown,Dry,Daylight,Normal,1.0,Going straight,Not a Pedestrian,Slight Injury
1-2yr,Lorry (41?100Q),Undivided Two way,Tangent road with mountainous terrain and,Other,Dry,Daylight,Normal,2.0,,Not a Pedestrian,Slight Injury
Below 1yr,Lorry (41?100Q),Two-way (divided with broken lines road marking),Tangent road with flat terrain,No junction,Wet or damp,Daylight,Raining,3.0,Going straight,Not a Pedestrian,Slight Injury
Below 1yr,Stationwagen,Double carriageway (median),Tangent road with flat terrain,Y Shape,Dry,Daylight,Normal,,Going straight,Not a Pedestrian,Slight Injury
Above 10yr,Special vehicle,other,Steep grade downward with mountainous terrain,Y Shape,Wet or damp,Daylight,Raining,,Going straight,Not a Pedestrian,Slight Injury
,Public (> 45 seats),Two-way (divided with broken lines road marking),Tangent road with flat terrain,Y Shape,Dry,Daylight,Normal,2.0,Turnover,Not a Pedestrian,Slight Injury
No Licence,Other,Two-way (divided with broken lines road marking),Tangent road with flat terrain,Crossing,Dry,Daylight,Normal,2.0,Going straight,Unknown or other,Slight Injury
Below 1yr,Lorry (11?40Q),Undivided Two way,Tangent road with mountainous terrain and,No junction,Dry,Daylight,Normal,,Going straight,Not a Pedestrian,Slight Injury
Above 10yr,Other,Undivided Two way,Tangent road with flat terrain,,Dry,Daylight,Normal,3.0,Going straight,Not a Pedestrian,Slight Injury
Below 1yr,Public (12 seats),Double carriageway (median),Tangent road with flat terrain,Y Shape,Wet or damp,Daylight,Raining,2.0,Going straight,Not a Pedestrian,Slight Injury
2-5yr,Automobile,Two-way (divided with broken lines road marking),Tangent road with flat terrain,Crossing,Wet or damp,Darkness - lights lit,Normal,2.0,Moving Backward,Not a Pedestrian,Slight Injury
5-10yr,Stationwagen,Two-way (divided with broken lines road marking),Tangent road with flat terrain,Other,Dry,Darkness - lights lit,Normal,2.0,Other,Not a Pedestrian,Slight Injury
Below 1yr,Public (12 seats),other,Tangent road with flat terrain,Y Shape,Wet or damp,Daylight,Raining,2.0,Moving Backward,Not a Pedestrian,Slight Injury
1-2yr,Lorry (41?100Q),Undivided Two way,Tangent road with flat terrain,Other,Wet or damp,Daylight,Normal,,Going straight,Not a Pedestrian,Slight Injury
Below 1yr,Taxi,Double carriageway (median),Tangent road with flat terrain,Crossing,Wet or damp,Daylight,Raining,1.0,Getting off,Not a Pedestrian,Slight Injury
Above 10yr,Automobile,Undivided Two way,Tangent road with flat terrain,Y Shape,Wet or damp,Darkness - lights lit,Windy,1.0,Going straight,Not a Pedestrian,Slight Injury